date,pc1,pc2,pc3,regime
2021-03-25,-1.3360446620828872,-1.1726213653288464,-1.656207245383814,2
2021-03-26,-0.6109532870490989,-1.6516543720549761,-0.2519057430204164,2
2021-03-29,-0.6246568357872818,-2.020807787640487,-1.0851469993379133,2
2021-03-30,-0.9770230840649816,-1.8792405049222425,-1.9738103164347864,2
2021-03-31,0.36330256338271044,-2.168848746117468,0.05804792850730091,2
2021-04-01,2.400386345688345,-1.8656098468671922,0.6019606308908966,0
2021-04-02,2.118527275034272,-1.4682298915373397,-1.0632334559242984,0
2021-04-05,0.3585479689557907,-2.014095932353974,-0.9151254788385286,2
2021-04-06,-1.6283230888540559,-2.45629288820336,-0.39124702260840805,2
2021-04-07,-0.01690495916831205,-2.3742266166035773,0.22368487855584357,2
2021-04-08,-1.263363078160285,-2.5414059569505216,0.028952279891792235,2
2021-04-09,0.1886415274423336,-2.5741065377372863,-0.27764611746119167,2
2021-04-12,2.1666176833495934,-1.7152638069714166,-0.8504999526437248,0
2021-04-13,0.8413825972129745,-1.9618031213939677,-1.3296238802088314,2
2021-04-14,2.4652384587026672,-2.261205305128154,0.32002434684489267,0
2021-04-15,-1.3584295962826225,-2.8464022868128978,-0.7310265395884009,2
2021-04-16,-0.6210719170178629,-2.75769521506784,0.7798419980067623,2
2021-04-19,-0.5450155872757979,-2.3317281307114888,0.24827724937909174,2
2021-04-20,-1.6719111531425457,-2.4634049443297332,-1.0177063744680468,2
2021-04-21,-0.5317693930587554,-1.7947494794833476,-1.6576386379674861,2
2021-04-22,1.2098632256908897,-1.9866944922134675,-0.2238228097924989,0
2021-04-23,0.5815861982770476,-1.97974365278296,-0.022968076962492364,2
2021-04-26,-0.5467584872453249,-2.349633015081946,-0.6369829745078018,2
2021-04-27,1.6774345899415606,-2.162827617287623,-0.5492812580550953,0
2021-04-28,-1.638619632528391,-2.4390059703169893,-1.1838212005490318,2
2021-04-29,0.7317095915616282,-1.9776211608674417,-0.7676069100126862,2
2021-04-30,1.8320087440748436,-2.019862457778963,-0.6384157484948716,0
2021-05-03,2.2014599541763293,-2.0857854597764396,0.5346320988918749,0
2021-05-04,0.9659879595301554,-2.050501063011053,-0.7397286585553412,2
2021-05-05,-1.7346600730765653,-2.6014475020330057,-1.102757780354312,2
2021-05-06,-0.5469287267157017,-2.475293813916139,-0.6257299117622707,2
2021-05-07,2.0802773073971794,-1.9672229108411996,-0.8965980196592676,0
2021-05-10,-0.8968606796133736,-2.1649263446275886,-1.8527796172335338,2
2021-05-11,0.5845727003798137,-2.3697883708865226,1.0349148087262212,2
2021-05-12,0.16231799438189354,-1.7748354197736063,-1.500806164598575,2
2021-05-13,-0.6397160240121892,-1.3849942831810338,-2.6549859402845364,2
2021-05-14,2.087803368660573,-0.9949255140022916,-1.49844004899442,0
2021-05-17,0.7475163448891723,-1.6121627718091422,-0.36368778749254577,2
2021-05-18,-0.1470015753721336,-1.982162495266438,-0.695870061006666,2
2021-05-19,2.125935794821751,-1.46945217242208,-0.25020710829898335,0
2021-05-20,-0.8150511613304251,-1.9022882567463788,0.0400893844380449,2
2021-05-21,2.66689840952759,0.2159868686264106,-2.985324741191942,0
2021-05-24,-0.5248774171959923,-0.8177304915212128,0.03459536447933582,2
2021-05-25,-0.3644800875517376,-0.5225159992107652,2.5758428990700595,1
2021-05-26,4.476674745110203,0.941576159318512,-0.2871797816580496,0
2021-05-27,1.352101937025314,0.5946794514999835,-0.1411888345259722,0
2021-05-28,1.7573002106849964,0.9678387055123481,-0.499484120539632,0
2021-05-31,2.877217029626741,0.9787063444353,-0.043784600882173105,0
2021-06-01,0.4191993898174028,0.595969493141795,-0.6272732539692741,3
2021-06-02,-0.5028838109449684,0.1578564043109231,1.9454248997614145,1
2021-06-03,-1.3641364924624422,0.557599448403106,2.0862356778999342,1
2021-06-04,0.005220481671729217,1.2898185585775959,-0.40712552184809586,3
2021-06-07,-0.8785579247001755,0.28652314010188923,2.492224256530645,1
2021-06-08,-1.4965889468189888,0.9150444418226064,-0.7282055756614562,3
2021-06-09,-0.5959443072667213,0.4741411585574212,2.106216457128856,1
2021-06-10,-0.7974513619732803,0.9939006873442416,-0.23607476411766498,3
2021-06-11,2.4195945419577245,1.1144002098398298,1.4010005667385035,0
2021-06-14,1.418522439969825,0.9993740013919608,1.030860212013947,0
2021-06-15,1.525651642560032,0.20072294998753765,4.578473875127465,1
2021-06-16,-2.8155347843419984,1.0999094025473477,0.6315207730400421,1
2021-06-17,-1.947396186859817,1.4373486284922068,-1.1501629008035914,3
2021-06-18,-0.8996084130224824,0.3104933886874055,1.2159101243405557,1
2021-06-21,1.4406915662818671,1.0376597081153307,-0.23775442876120004,0
2021-06-22,1.496838585600432,0.6835175085508371,0.20692526546671758,0
2021-06-23,-0.25006514420534,-0.40102581580984803,1.3799077469871384,1
2021-06-24,-1.4365872408956657,-0.1450142415629515,-0.08650244294179452,2
2021-06-25,-0.9673332433556193,-0.3852723277888142,0.36559052753118926,2
2021-06-28,-0.7437074249253944,-0.28457754934186535,-0.35086779265277074,2
2021-06-29,-1.5639330368921431,-0.6910362984697351,0.5432093454724571,2
2021-06-30,0.2942067558351674,-0.5136178996082812,0.8523786769155871,1
2021-07-01,5.293158161331718,0.7987568005963479,-0.8404272438330904,0
2021-07-02,-0.9687960487395469,-0.37431338424087357,1.0174676383198114,1
2021-07-05,0.4085946334466385,0.4660677450000524,-1.6180317395073573,3
2021-07-06,2.8849122802679674,1.2287011673908628,-1.344987442020978,0
2021-07-07,-0.17401100881916695,0.30662928092112923,-0.42346989529657225,3
2021-07-08,0.4763323482232743,0.3195732702104077,0.38210545292678305,0
2021-07-09,0.4637559523046554,0.6392805243575745,-0.5665492700198134,3
2021-07-12,-3.437309668965732,0.33672187289036165,-0.020548187430672563,2
2021-07-13,-0.31963096266099705,0.3698751430802658,-2.5205452777650303,3
2021-07-14,1.3374784556228083,0.23935805412310143,-0.5513527922184078,0
2021-07-15,2.4633933500632126,0.5510047465009285,-0.6079918762865929,0
2021-07-16,-2.692258939077544,-0.6613529205666505,-1.095084664522304,2
2021-07-19,-1.060562575399403,-0.5055895735116098,0.16538088777503904,2
2021-07-20,-0.10570283338381425,0.5808655736435788,-2.1412186080350364,3
2021-07-21,-1.0931523961221492,-0.4786236685386193,0.9556422338649433,1
2021-07-22,0.665995807379155,0.0769635009245838,0.32672984717608056,0
2021-07-23,2.315524429978866,1.1254005589084524,-2.2432814625224022,0
2021-07-26,-1.6156270013980931,1.4027885881697526,-3.561046112168619,3
2021-07-27,-2.0234238357862067,0.9837443353694217,-0.839370549862528,3
2021-07-28,-2.639435404191293,0.8012401860180288,-1.316034689457239,3
2021-07-29,0.5842690804446187,0.6245803092256949,-0.0006091269772963173,3
2021-07-30,-0.29767748457521076,0.16115976617920402,-0.3252533910852911,3
2021-08-02,-2.6530687395217263,-0.2960624589301529,-1.0164410718271626,2
2021-08-03,0.92350001508638,0.08183133055909501,0.32799205967142225,0
2021-08-04,-0.6798739591649192,0.2583026226726456,-1.4973882407669656,3
2021-08-05,0.4491493760332013,0.4190949726033882,-1.2682643145620176,3
2021-08-06,0.5676785966660179,0.5944457114859057,-1.6880050511410731,3
2021-08-09,0.8887104462462371,0.11240193294624369,-0.07351550732034583,0
2021-08-10,2.067698707038476,-0.1674051867527294,1.4662528860822626,0
2021-08-11,-0.769012829870486,-0.014362502651886846,-1.358130605987114,2
2021-08-12,2.523676367088338,0.897444837426802,-1.4634398575143632,0
2021-08-13,-0.9427829130959161,0.15359974886462746,-2.044657896206585,3
2021-08-16,0.31513720815514445,0.723687562355849,-1.450285609029868,3
2021-08-17,0.67188309555608,0.4115896094824396,-0.9060840515423985,3
2021-08-18,-0.6834232886376435,-0.26908244026171785,-1.293256311133376,2
2021-08-19,0.46717638285531254,0.3487182660790731,-0.624743725926605,3
2021-08-20,-0.006086457197728659,-0.5972583077192578,-1.2798074985335013,2
2021-08-23,0.9637466273202153,-1.1690599955907515,-0.045752503574699475,0
2021-08-24,2.278173665626496,-0.8213441977303351,-0.5750019918294276,0
2021-08-25,-2.2289149274763944,-1.0964925352753658,-2.1137972194553676,2
2021-08-26,-0.29280341592937403,-0.8917221226076613,-0.7152229517927234,2
2021-08-27,0.47374297455502956,-0.014909750800939354,-2.821026271852238,3
2021-08-30,0.35346951888500966,-0.4395501592281258,0.25204012422287436,0
2021-08-31,2.4201271154603186,-0.12926577130725178,0.16467374291007408,0
2021-09-01,0.3375376857867182,-0.5201900352343147,-1.190738221909852,2
2021-09-02,-0.7510353110610084,-0.511024970773218,2.2678641453391437,1
2021-09-03,0.5567473328483847,0.5751681645825099,-1.283622102293232,3
2021-09-06,-1.5515725982213493,-0.5152720708689726,2.4940786362379614,1
2021-09-07,-1.1136524492440296,1.0100123787356394,-1.120794104976407,3
2021-09-08,2.3387665704590583,1.65889744775794,-1.264106500489479,0
2021-09-09,-1.8755129595795281,0.655201340890193,-0.11034719652431696,3
2021-09-10,1.676590662729715,2.153130088309161,-1.6778485689233125,3
2021-09-13,1.0411837395050103,1.5745984958963384,-0.6359847545059024,3
2021-09-14,1.0276151171412833,0.8679576914087161,2.4911500251194,1
2021-09-15,-0.28122671666474336,1.0564103015658806,2.1321798510921894,1
2021-09-16,0.46131896251897564,2.217476902193266,-0.9054945851723798,3
2021-09-17,-0.9440327274561501,1.3373422609344658,2.6783376964169743,1
2021-09-20,-2.1198594356919647,1.101388339613459,2.6905103351676756,1
2021-09-21,-2.362986269371959,1.9565497971457406,3.4653266789198907,1
2021-09-22,0.38848923158935456,2.8103002975190696,1.771138342230494,1
2021-09-23,2.0914481883341365,2.6053737739342857,3.5196562120568164,1
2021-09-24,0.9355459283807318,3.661609147201957,-1.8184524326741411,3
2021-09-27,1.7404136990888255,3.4121468767215264,0.5589583420219666,3
2021-09-28,-1.0612351852400301,3.428937869603222,-1.403974584141638,3
2021-09-29,-3.2241035754795786,2.7409090634875537,0.23293257998985012,3
2021-09-30,-0.9981450103821946,2.821594999057583,-0.991189965717377,3
2021-10-01,-0.2070981227030905,2.705023560609287,-0.11243844764802029,3
2021-10-04,0.5360703497445692,1.7126744229834665,3.6498420685428234,1
2021-10-05,-2.104131472556521,2.7409657400101013,-0.5543095457652529,3
2021-10-06,1.1228186721186897,2.1402353503175497,1.1958504771856402,1
2021-10-07,-0.041003431769350535,2.5904392863749655,-0.6465153320117211,3
2021-10-08,-1.8156852998013153,1.9802081737334034,0.005940129239292383,3
2021-10-11,2.5551279422377,2.081600976541667,0.6988545987876423,0
2021-10-12,0.6204690916471582,1.5649873006291493,1.040857530640544,1
2021-10-13,-0.370658397032583,1.5317551420002842,1.608585471115614,1
2021-10-14,-3.317206531814101,0.899518211587448,1.2130828584444364,1
2021-10-15,-0.49233432765597523,0.9834013647914458,0.3544387416575813,3
2021-10-18,1.5784208664873605,0.7350217815530138,1.4189806909391656,0
2021-10-19,-1.3489174094885592,0.38424224523330813,-1.3445962705883798,3
2021-10-20,-1.344731407135567,0.06779441111834637,-0.41708989014093667,2
2021-10-21,-2.3837886611085413,-0.731209325269846,0.006315923425971875,2
2021-10-22,-1.547809017654173,-0.9105919175146802,0.057372206861138246,2
2021-10-25,0.12476327059979295,-0.8116859145777392,0.6497813297021252,2
2021-10-26,0.32628080288963485,-1.0452434425367552,0.2969744583838621,2
2021-10-27,0.07208261172317706,-0.8925169739874161,0.1319520115099533,2
2021-10-28,-1.7276598914456436,-1.5715711777381198,1.0040039482980254,2
2021-10-29,0.6454219657375974,-1.0898190500312646,0.6186870578930062,0
2021-11-01,-0.015976755588081763,-1.7370105725050158,-0.04613425661124366,2
2021-11-02,0.5200198843933774,-2.054884406841955,0.11801080207417158,2
2021-11-03,-0.16732391450135878,-1.102474516893131,-2.192904637827502,2
2021-11-04,-0.4520725628560461,-1.8783681421547034,-0.3074228765035092,2
2021-11-05,1.7410233202413337,-0.336009902575629,-2.0309908782098316,0
2021-11-08,2.2667018749262144,-0.27873057020795716,-0.7878469728660177,0
2021-11-09,-2.486926278602687,-1.50677902148624,-0.5167301781412565,2
2021-11-10,-0.8614452303936923,-1.17092995483257,-0.3305346563498404,2
2021-11-11,0.31587748928475934,-0.7809589524423403,-2.1449570668640665,2
2021-11-12,2.1184181350941653,-0.8294051610607612,-0.7642721102122829,0
2021-11-15,-0.8868333649820991,-1.7337263865924337,2.0196007039554145,1
2021-11-16,2.3341385385087907,-0.65357312672013,0.6107462347087607,0
2021-11-17,-2.7384276337083904,-1.385946480998384,0.7583146729460831,2
2021-11-18,-1.6186521070821862,-1.2286056143245299,-0.48854359360462385,2
2021-11-19,1.243831419181104,-0.6643984759151245,0.22822637187145986,0
2021-11-22,1.3700035384102949,-1.0774526474828054,1.6901416803683091,0
2021-11-23,-1.6364900806840355,-1.1904626695830447,-0.38496565076049905,2
2021-11-24,1.0575632597796025,-0.053541387208923416,-1.8014324280140286,0
2021-11-25,-0.644154015784421,-0.6309940181901532,-0.8562094970548966,2
2021-11-26,1.7548075664027307,-0.35181527953640856,0.10830941997569239,0
2021-11-29,0.3628312562025147,0.4711816480669253,-2.50792931102458,3
2021-11-30,1.5307397128297828,0.21399889037137154,-0.4802934840904385,0
2021-12-01,1.9263007341052758,0.23688925919915613,-1.1891095343206173,0
2021-12-02,0.6948824386727785,-0.1571488135331372,0.5743283019076642,0
2021-12-03,1.6605458352763356,-0.007740018647423867,-0.1947639678577251,0
2021-12-06,1.1325357224655601,-0.5336931908855638,-0.17129886267951439,0
2021-12-07,-0.6201219488254618,-0.835329234361476,-0.20763205764646847,2
2021-12-08,0.44634787398306863,-0.42129624424350576,0.11517301516872976,0
2021-12-09,-2.7835749594567623,-1.2030348739460996,-0.8504281300911345,2
2021-12-10,-1.7379608779053197,-0.9180351387292898,-1.625385123320338,2
2021-12-13,-0.1486130361168526,-1.0436964169545138,-1.3599052646528211,2
2021-12-14,1.3664441457071308,-1.2157218077019436,0.88672121961114,0
2021-12-15,1.3266101181395265,-0.9036438801130495,-0.7988597176058116,0
2021-12-16,0.05629489111628522,-0.9048153921704614,-1.6547486279127126,2
2021-12-17,1.3926167637271438,-0.9975032860470373,0.06445818995269804,0
2021-12-20,-0.36217643255133525,-1.4066265592594256,-0.2565092669138104,2
2021-12-21,2.192035761153626,-0.5377418453716206,-1.364482404590714,0
2021-12-22,0.2862548016320112,-1.3239023910886039,-0.6248588108683447,2
2021-12-23,2.4996351538645927,-1.2885281312173327,0.8773482209112435,0
2021-12-24,-0.7467723435914829,-1.6519333737729969,-0.462858439608201,2
2021-12-27,-0.22979014234119338,-1.8202082053720485,-0.47571417071499955,2
2021-12-28,0.5671446690211335,-1.5812581535512875,-1.6449589837998908,2
2021-12-29,0.0367066047137184,-2.1712669815157786,-0.40802270334612817,2
2021-12-30,-0.8179861856746301,-2.1370780942861844,-1.0787275160159087,2
2021-12-31,0.6282496670350963,-2.0186072950758622,-0.729690304397668,2
2022-01-03,0.7767371261117036,-2.3351104436804104,0.20047163895663317,2
2022-01-04,-0.025881056991334864,-2.158055641502783,0.551249023888344,2
2022-01-05,1.3043824854140749,-1.9621386409642092,1.4738228527847945,0
2022-01-06,3.3868476914939007,-1.433212202364578,1.937072817735441,0
2022-01-07,2.44239561213547,-1.290861063046364,0.2801371923096165,0
2022-01-10,0.4085668220874826,-1.7782039864177377,-0.15691176602856638,2
2022-01-11,2.842518262071937,-1.7121621062760932,1.7890365939477204,0
2022-01-12,1.1331666108345049,-1.5476978399146204,-0.08426702835429863,0
2022-01-13,0.3684968853018993,-1.8716665355191782,0.030415759749131677,2
2022-01-14,-0.8702197374431881,-2.2267207026564266,0.46438161515093385,2
2022-01-17,1.1409619531781516,-1.6413357564827475,0.20132425251829048,0
2022-01-18,2.6226901884556346,-1.7417735333080042,0.07792767913031598,0
2022-01-19,0.7954022906153139,-2.0010318191534915,-0.23842134244305688,2
2022-01-20,0.601936941037246,-1.72013470597096,0.2505514994370924,2
2022-01-21,1.1444277718987088,-1.8389390699391939,0.19029176299446496,0
2022-01-24,-0.28557930887873006,-2.1323110436068387,-0.43646691643140645,2
2022-01-25,-1.3065445266782203,-2.2300244501052107,-0.22270414004759861,2
2022-01-26,0.5228974274910663,-2.0705414543274383,-0.5264398569083442,2
2022-01-27,-1.591214961860122,-2.5328834908741187,-0.0727569579718985,2
2022-01-28,1.633290305212252,-2.1761237201017054,0.8831261124549576,0
2022-01-31,2.4823664180025955,-1.4318137017294819,-0.6539600244925884,0
2022-02-01,-0.8296977244377876,-2.5001927405783166,0.8736064978197357,2
2022-02-02,0.95857662065214,-2.0642374010075586,-0.4255366504813253,2
2022-02-03,0.6561935230483177,-1.662354858277499,-1.3962283141396885,2
2022-02-04,-1.098362876796523,-1.9492507907040546,-1.638010527544531,2
2022-02-07,2.9098229714977304,-1.2364271228901453,-0.23438668749785554,0
2022-02-08,-1.1129844935549498,-2.126898120706789,-0.9180925957900036,2
2022-02-09,-0.29152140043212704,-1.7088355899776124,-1.3401423215035027,2
2022-02-10,0.656114986937716,-1.7543567239068225,-0.47254910734078226,2
2022-02-11,-0.4267590601269781,-2.190556913182222,-0.005388623092229881,2
2022-02-14,-0.17011894658332208,-2.0143452043094814,-0.09371092204020467,2
2022-02-15,2.2721538154504772,-1.8750799746128506,0.6788393911002073,0
2022-02-16,-0.25877148706103736,-2.3547050991789424,-0.28558544706774547,2
2022-02-17,2.435094696770018,-1.749570205032119,1.1163938605404353,0
2022-02-18,-0.25203372624134507,-1.2079801480526693,-2.408259774128585,2
2022-02-21,1.9770133926413596,-1.4311429455515479,-0.08370332726264003,0
2022-02-22,-2.111551207668826,-0.8686829995245694,-3.8197381486629443,2
2022-02-23,1.0617377381443673,-0.8195667535521642,-0.6619408257084302,0
2022-02-24,-0.7200317833115794,-1.190285913381939,-0.5518431552498599,2
2022-02-25,-1.0188925580518937,-1.5714439586438171,0.57876516991809,2
2022-02-28,0.00015546977922194466,-1.451621628957221,1.1807389258388374,2
2022-03-01,1.6925891805447704,-1.064736527851039,0.7499755998230612,0
2022-03-02,-0.9962343197897455,-0.9785646775496564,-1.4856653525716808,2
2022-03-03,1.2403075644460861,-1.1985032926208983,0.5542967287328971,0
2022-03-04,-0.7981396725996044,-1.0000274312056263,-1.4226517585317968,2
2022-03-07,0.6140854156500908,-1.3647217523098778,-0.06615376883204152,2
2022-03-08,-2.662097989560773,-1.7489577237320826,0.41267272659057724,2
2022-03-09,0.08405467150508032,-0.684979721528698,-1.3326177700126525,2
2022-03-10,-0.9138747509336285,-1.3734577623948518,0.5576251603448844,2
2022-03-11,2.470725930280431,-0.886514982324126,1.317043337684648,0
2022-03-14,-1.7166035896040484,-0.7977222472029577,-2.0141642176133248,2
2022-03-15,-0.7988402384793221,-1.053494164419168,0.7542730701111697,2
2022-03-16,2.1309885207318326,-0.8963250251357529,1.7473368613054316,0
2022-03-17,-0.9433224120180631,-1.2751385518867617,0.07385897424886982,2
2022-03-18,0.38327312955789145,-0.4908700562529286,-1.1224751442299552,2
2022-03-21,-0.02541647637478103,-0.6640963037130247,-1.5597891106239818,2
2022-03-22,1.5476740943870828,-1.1921111744132578,-0.6176010508118263,0
2022-03-23,-2.1242257665709956,-1.7990128491765183,-0.032609206092061326,2
2022-03-24,-1.3894404422471442,-0.9241789016747604,-1.947100768967354,2
2022-03-25,-2.6052182914452096,-1.484812908656421,-0.7054589499269983,2
2022-03-28,-0.14187828293126117,-0.9584182498793159,-1.9434831620563353,2
2022-03-29,0.08099381794667783,-1.1946719696113641,-0.9920633904975328,2
2022-03-30,-0.6590089196748284,-1.4328371798143105,-0.7369210522458745,2
2022-03-31,-1.6773046653883028,-1.5017525006001382,1.9637574397423785,1
2022-04-01,2.2059562399609973,0.05419383342605242,-1.2154020688769345,0
2022-04-04,-0.019559827907029065,-0.920382472437129,1.88529940655874,1
2022-04-05,-0.14299938489822742,-0.444550055571364,0.4530982002754337,2
2022-04-06,-1.412853642246035,-0.4371199148954259,0.025450170486161935,2
2022-04-07,-0.5898877934846143,-0.8342454753619936,0.5344289579420355,2
2022-04-08,0.19576204674301736,-0.6051115168420782,0.38058949031509526,2
2022-04-11,2.904462689415508,-0.23388224838895824,0.9468913305127259,0
2022-04-12,-0.06898670756244035,-0.872572515532991,1.7666724296328369,1
2022-04-13,1.213199194781689,-0.11264628649566859,-0.22565901737343586,0
2022-04-14,-1.2293345880973805,-0.9680951414084641,0.8514831027076345,2
2022-04-15,-0.20286961767835923,-0.16456798566051192,-0.9206642285117511,2
2022-04-18,2.4406255955215634,-0.28118646061650776,0.476023879107513,0
2022-04-19,1.4059032409537213,0.25270293395805754,-1.0468780594005211,0
2022-04-20,-0.29816850583964943,-0.8887404186063398,0.12876817840849153,2
2022-04-21,-0.3494550710146851,-1.0843266441422346,1.8117964752911544,1
2022-04-22,1.2214091700851573,-0.4507325794367741,0.6140022844884656,0
2022-04-25,3.654685236752379,-0.3379891776550803,0.8521945554322113,0
2022-04-26,-0.5979363617114589,-0.5857891144860649,-1.6030120622577104,2
2022-04-27,-2.1510323173193604,-0.7109540867657457,-1.0412792704353528,2
2022-04-28,-1.398924973286203,-0.5915789710653516,-2.752061488753835,2
2022-04-29,0.9965403280408323,-0.37639397381677564,-1.2491192920727707,0
2022-05-02,-1.7018140287908743,-1.0918898035000624,-0.627249054422477,2
2022-05-03,1.6257528021647036,-1.3935363368121447,1.7578124992199606,0
2022-05-04,-2.2906466560819534,-1.3323088501514073,2.205976836459333,1
2022-05-05,2.228586745362846,-0.2128542124071325,-0.007805314771242041,0
2022-05-06,-1.5929504384396909,-0.8279813566414724,1.5319138963956678,1
2022-05-09,0.6176854043014854,-0.4986136661309679,1.186187787296599,1
2022-05-10,1.494774375687339,-0.2589034311185323,0.6096406640746751,0
2022-05-11,-0.45998302676699016,-0.6087852981947688,0.787460825479876,1
2022-05-12,-2.452339663748659,-0.5372203819125329,-0.9237957179813139,2
2022-05-13,-0.4522334896994156,-0.8330150490042632,0.12084470408351966,2
2022-05-16,0.03883614745293392,-0.4772380151704301,-0.7702508676724998,2
2022-05-17,1.269531654623263,0.07421300700229837,-1.5047312415767005,0
2022-05-18,0.36436721181247045,0.061357556286605344,-1.7397424533560393,3
2022-05-19,1.978255179718444,-0.395152274531011,1.564233803742587,0
2022-05-20,0.5176857073467394,-0.0678711501961602,-0.2763268215548729,0
2022-05-23,2.0849516846345937,0.12179413600997342,-0.06328874912696912,0
2022-05-24,1.6682605662813295,-0.12008304816564982,0.7965538602514561,0
2022-05-25,-0.3908583717318765,-0.21783179950363674,0.9234818901680744,1
2022-05-26,-1.6746527965757674,-0.8442674111026816,-0.4755128767024109,2
2022-05-27,0.7142200928146946,-0.37936180029247885,-0.6893608027037234,0
2022-05-30,-0.2195804487143847,-0.8917418433694159,1.7039650277013088,1
2022-05-31,0.36365645697586213,-0.828181373482973,2.011183738610461,1
2022-06-01,0.6299491019414111,-1.3007296324124051,0.7718945689219707,0
2022-06-02,0.04945679737433441,-1.3189790055302502,1.3302618432954532,1
2022-06-03,-0.6645122649856828,-1.3628791601372705,1.0680137550445803,2
2022-06-06,-0.9977200148899227,-1.5219933423732233,1.2344524891869864,2
2022-06-07,-2.816094130642855,-1.629554832103334,0.018990504941567007,2
2022-06-08,0.0622756535883128,-1.1644858521189339,1.3227290647061294,1
2022-06-09,-1.6765194463147197,-1.1747551493792274,0.07008881519067316,2
2022-06-10,0.9349846403586997,-0.1492473488744155,-1.3522373447447904,0
2022-06-13,1.504347790291397,-0.9964023932729854,1.4505966162889938,0
2022-06-14,0.9590608391970716,-0.5279101801576943,-1.4170174017339905,0
2022-06-15,0.04165755454640192,-0.5494529634203104,-1.350510739613391,2
2022-06-16,-2.691726066262211,-1.2474287296830098,0.9661144655755013,2
2022-06-17,2.6756135714268527,-0.8921660652699117,2.190795022729225,0
2022-06-20,-0.883476037974136,-1.3446135173154163,1.5744609732708832,1
2022-06-21,-0.423105049563768,-0.5317736550843776,-0.8376209040244152,2
2022-06-22,0.5307062365524096,-0.3540465754547517,-0.8657433070887158,0
2022-06-23,0.7649858268700888,-0.38376546022928565,-0.011856331030728811,0
2022-06-24,-0.925787853008033,-0.8206310562060637,-0.0020916136441557678,2
2022-06-27,-0.8154077074364973,-0.8771582744740254,0.6098246733929384,2
2022-06-28,-2.029441866359832,-1.1926346023858927,2.6136912959078384,1
2022-06-29,-1.2030532056453789,-0.762355837048616,-0.5808383615208375,2
2022-06-30,-2.3934704421250794,-0.7260534737559136,-0.3961654573749954,2
2022-07-01,4.62947174997508,-0.021272963090323654,0.5794469579011035,0
2022-07-04,-0.6002410455222494,-0.7922871202983933,0.6481987997333856,2
2022-07-05,1.2902836071963855,-0.4440521644392958,0.1343825592068195,0
2022-07-06,-0.10383814376852847,-0.23033802516627108,-1.4042351089196972,2
2022-07-07,2.0829429066078227,-0.5562611614882733,0.17868574711378757,0
2022-07-08,-2.0553170575343533,-1.0115685940387007,-1.0523366695710221,2
2022-07-11,1.4198900989916303,-0.8314369652034338,0.14947829849809974,0
2022-07-12,1.3819743355218599,-1.455839967741233,1.841603658634003,0
2022-07-13,-0.5954597738310063,-1.4011081584378744,0.00030226736151377074,2
2022-07-14,1.3972571182811586,-1.4734530717766035,-0.003692908825846982,0
2022-07-15,-0.23386182902750455,-1.1582190810930542,-1.648027481884641,2
2022-07-18,0.3532209503840945,-1.4696161324946804,-1.0692367432918155,2
2022-07-19,0.06436529546378222,-1.3049466132741212,-0.6075089095962574,2
2022-07-20,1.2188632170587734,-1.4717906012356277,-0.5751962637712387,0
2022-07-21,-2.6401783935531,-2.3684723323739907,0.2220005964677125,2
2022-07-22,2.1797630777853443,-1.3468448469642413,0.22719122113775742,0
2022-07-25,-2.3431098521602136,-2.0809639521717433,1.7965155678298717,2
2022-07-26,-0.8880885049395817,-1.710072866916631,-0.8414548320729799,2
2022-07-27,-0.9335630696489056,-1.241348987205465,-0.7599313882066944,2
2022-07-28,-0.08744253797015082,-1.6630894481644256,0.1251199988935054,2
2022-07-29,1.047519698526316,-1.1612076450679087,0.09697826912177836,0
2022-08-01,-0.4759839588887706,-1.9436862328717288,3.7321774474031724,1
2022-08-02,5.725407963476193,1.7890728283300288,-1.6526833688140123,0
2022-08-03,-0.46953873782739447,1.450147192743024,-2.927155004923949,3
2022-08-04,-1.2697322187487479,1.4736861740500369,-1.047316782082684,3
2022-08-05,-1.427101668248825,1.0072847576707598,-0.2859443151709793,3
2022-08-08,-1.4309616505680085,0.9671520257649121,0.5354883620009976,1
2022-08-09,-0.6810968770536499,0.7614412999709,0.3413808618614845,3
2022-08-10,-1.3364592353672702,1.215681587028258,-0.7883887970349093,3
2022-08-11,-0.0711251380695068,0.7080885849166093,0.9075844649253557,1
2022-08-12,0.8570988459607631,1.3592133888394353,1.3365121029178129,1
2022-08-15,-0.5906121188456959,0.9328498652188519,0.14528298163602338,3
2022-08-16,-1.839215366980615,0.683810757686134,0.33671712667796416,1
2022-08-17,-1.440066083596706,0.6285302235290264,0.33564270742184105,1
2022-08-18,-0.43159727305182244,0.6602986130184628,0.2887899222404441,3
2022-08-19,-0.06997196685019515,0.9340289220618374,0.5814268818358864,1
2022-08-22,0.11940931821141533,0.4705635221374029,0.061577051553800846,3
2022-08-23,-1.7870980860369028,0.5426847850218562,-0.5343979562993604,3
2022-08-24,-1.0145383224960838,0.24471390270465193,0.6131486752864105,1
2022-08-25,3.546896954770857,1.8204227998204454,-0.6216907900399915,0
2022-08-26,1.1426544116619541,0.9651844063457367,-0.6679582984283761,3
2022-08-29,0.8935436785030503,0.8500657914428545,-1.3401583678779332,3
2022-08-30,-0.623278494385351,-1.1289278534479217,-1.156311469578903,2
2022-08-31,-0.7259750407489682,-1.7657312146334225,-1.1782964359813066,2
2022-09-01,2.3850651774460836,-1.1774956517250947,-0.7101768946639809,0
2022-09-02,-0.3144068781769431,-1.3147084769162984,-1.7791313852659496,2
2022-09-05,1.4832992751403251,-0.9540941841434192,-0.9682045967764776,0
2022-09-06,-1.7255969510048537,-1.8976690634268145,0.6709156736133625,2
2022-09-07,-0.08586800966910504,-1.4350241842476155,0.9615467295237433,2
2022-09-08,-0.4561995233845854,-1.0449857544292716,-1.1174558211788088,2
2022-09-09,-0.349475457395721,-1.3047711966861757,-0.3607913239917549,2
2022-09-12,0.7711167186460063,-0.8533350183512874,-1.094086078974059,0
2022-09-13,3.318546273232652,-0.41834506735637594,-0.7065873640327639,0
2022-09-14,0.2890000212428949,-0.7137792376211172,-0.9158132156516067,2
2022-09-15,-0.5293639108482716,-0.7929684870107707,-1.4717950170270142,2
2022-09-16,-1.4643208102006948,-0.9254549912632716,-1.0484196521301081,2
2022-09-19,-0.3589909175437322,-0.4657633966973599,-1.921744813454841,2
2022-09-20,0.20250238174508126,-0.12659154920615637,-1.6356473059992698,3
2022-09-21,0.2759726050169446,-0.4839182581055822,-0.2955686605233181,2
2022-09-22,-1.5041509356817588,-1.176355426153852,-0.13069120193417302,2
2022-09-23,-0.3019496526622288,-1.1403602702159392,0.361204916408552,2
2022-09-26,3.3314529097198133,-0.0434689152928673,-1.376119696431654,0
2022-09-27,1.97396337361415,-0.8252102007029208,1.8266450378206032,0
2022-09-28,-2.089578380958529,-0.1355551426821896,-2.630095158203041,2
2022-09-29,0.4803007288870079,-0.6280397923822687,1.1366682665245322,1
2022-09-30,-0.5518636485061239,-0.40577324001883663,-0.5841727844913018,2
2022-10-03,3.5521797510579374,0.7023294693036506,-1.4441634069246996,0
2022-10-04,0.03249177389318373,0.14196329575261,-0.6748629746973163,3
2022-10-05,-0.17205388175350173,-0.3486457559078521,0.9166346009883342,1
2022-10-06,-1.2959553326802948,-0.7315314618917932,1.619353789689722,1
2022-10-07,0.22063574684649495,-0.16803087039562653,0.3855028400097691,0
2022-10-10,2.4503769713985757,-0.04517657711793813,4.755503747628188,1
2022-10-11,-1.3165386742496246,-0.27762424532535,1.0704200818483696,1
2022-10-12,-0.4786915724361834,0.4732021158603291,-0.24597605551074556,3
2022-10-13,0.06544198680672642,0.039919472311872276,0.8159536191891076,1
2022-10-14,0.3918749675086176,-0.03300291199744318,2.62135032015626,1
2022-10-17,-0.6213416854506658,0.12681257790201816,2.541634774946013,1
2022-10-18,0.08963211792472522,1.5725721339461898,-1.3338033554998845,3
2022-10-19,0.9358258590369558,1.5071099249544497,-0.6745102052325944,3
2022-10-20,-2.300470268286188,1.058700985345166,1.9394321286271206,1
2022-10-21,-1.2812938306480333,1.550461512768955,-1.6160052275052335,3
2022-10-24,0.7027319478214162,1.7909038603121472,-0.9195947867721073,3
2022-10-25,-0.3106511178300996,1.2724987470430027,-0.776493690535552,3
2022-10-26,-0.26561624863971434,1.022276896913536,0.6189477891380901,1
2022-10-27,-1.3897945489251433,0.5691353050356249,-0.02809654931985703,3
2022-10-28,0.5356257041444228,0.8561333635229255,-0.1878087596192831,3
2022-10-31,-2.8603746148159344,0.6164832905267243,-1.6060798919202994,3
2022-11-01,-1.1539106909066654,0.7015077000901757,-1.6146407576207114,3
2022-11-02,-1.9574901684139396,1.1771845349554984,-2.358901209528189,3
2022-11-03,0.22558337406054496,0.4505349452304911,2.8037683394986237,1
2022-11-04,1.058103159559823,0.6152632062480228,0.8899762812294172,0
2022-11-07,-2.440145809310881,-0.13931429264222142,0.5947307796952205,1
2022-11-08,-2.5502936797467726,0.5459196846322117,-1.7028361232143032,3
2022-11-09,0.7089227688618729,0.2853328174649747,0.042755286982283855,0
2022-11-10,-0.5896905539964447,0.18256915955309158,-0.9284683752356735,3
2022-11-11,0.5270859219833134,1.683465495705532,-3.2488135227889225,3
2022-11-14,-0.13145767548225928,1.2123377662216763,-2.295568758837291,3
2022-11-15,3.56866534588263,2.117825777145046,-1.3896519687597608,0
2022-11-16,1.2335916946487637,2.6295390607901505,-2.582781296877559,3
2022-11-17,-1.5924046488100148,2.257271837047831,-2.6905228147828857,3
2022-11-18,-2.17406573391364,1.4751901121628106,2.1122556543419266,1
2022-11-21,0.3930208496254811,2.231866670326389,0.18225743300751304,3
2022-11-22,1.1178061388279248,1.570566376191557,3.141411913266046,1
2022-11-23,-0.19955859479895133,2.257558819312589,0.9385250008018692,3
2022-11-24,-0.6295051210503998,1.993540169825673,1.411898198053864,1
2022-11-25,-0.18535319805276135,2.9157866254398566,-1.2633252405602409,3
2022-11-28,-1.6175557130655518,2.118628547489865,1.267602727022851,1
2022-11-29,0.462597682811278,2.20898618738197,2.3880035250773166,1
2022-11-30,-1.2744874472629677,3.3146125409901397,-0.9654161100556781,3
2022-12-01,-0.7748882307409602,1.6855823861311283,1.3618156177029912,1
2022-12-02,-2.360601149036537,2.114675083327582,0.9344294318267162,1
2022-12-05,-0.2767597285416279,2.7022224619131685,-1.0648829264760844,3
2022-12-06,1.3105932070979007,2.674847829548503,-1.2429157042583898,3
2022-12-07,0.29742403642686155,3.651926149776821,-1.9098485671443632,3
2022-12-08,0.2050286532873554,2.533156870688246,0.6435148912546614,3
2022-12-09,-2.314919190264671,1.843396789071141,0.060292838966616545,3
2022-12-12,1.777053603138908,2.159714858763321,-0.6316857561817975,3
2022-12-13,-1.9146927062924013,0.8871353868223872,0.41500990219171124,1
2022-12-14,0.0213334561580117,0.5244091007262784,1.0673669247821487,1
2022-12-15,-0.7441118207489666,0.26364828452003275,1.2789189693882972,1
2022-12-16,-1.713869948451264,-0.5154767205040308,2.2963526370671454,1
2022-12-19,-0.7295447755087928,0.08201590050727788,1.9496822588711031,1
2022-12-20,1.0482118323661223,1.1241752228571449,-1.0491508104460365,3
2022-12-21,-1.1198473820813981,0.07394031912165346,2.707664322122722,1
2022-12-22,0.21159353452916016,1.033969316267112,-0.7965897151091286,3
2022-12-23,-1.4007888018271275,0.5922394899977362,1.726964224325455,1
2022-12-26,-1.114442709862044,0.9497220873815161,0.06654854352245723,3
2022-12-27,0.6001477736130664,1.1001175529539107,-0.5788971287431252,3
2022-12-28,1.4701433089757052,1.7344642278316937,-2.0353482322532894,3
2022-12-29,-0.9090790454438776,1.4110340315115615,-0.6023823611530561,3
2022-12-30,-1.3761503126811168,1.32517585741426,-1.8527755167212037,3
2023-01-02,-4.133983597282468,1.1706145713963343,-0.3512845539990275,3
2023-01-03,-2.51508009388139,1.1600694556596456,0.739711717401094,1
2023-01-04,0.20573938072280187,1.440173950747999,-0.3635215133997177,3
2023-01-05,-0.9824495694456596,1.1561756451418028,0.23317109772874833,3
2023-01-06,0.4614296579556908,1.2589616701856279,0.12552042927502235,3
2023-01-09,-0.7803449476483343,1.2628005458337987,-0.9599664361295356,3
2023-01-10,1.8853559874049526,1.0178510560848661,2.233687221957731,1
2023-01-11,-1.9525979155749391,1.2149843973542012,-0.05295647472487536,3
2023-01-12,0.7820359525596463,0.6031134328093664,4.950590281216963,1
2023-01-13,1.2088467403329877,1.8781143554704987,-0.38060849232914534,3
2023-01-16,-1.41299065695818,0.49020767997070497,2.720082959761622,1
2023-01-17,-0.26381176783380195,1.2030108075561392,0.48520517662027474,3
2023-01-18,1.1747699214617318,0.3428156316695471,3.129139161550586,1
2023-01-19,-0.7955652480032103,1.2376647950176627,-0.8003705280157122,3
2023-01-20,1.2645774531721514,0.7473747464113252,1.411917751932788,1
2023-01-23,-0.9334072431558953,0.8140830529566915,-0.3687747121437323,3
2023-01-24,1.1942479779090067,0.7460585872993859,-0.08033378834029357,0
2023-01-25,-1.1879663551073512,-0.4371656555991102,0.7748912028310871,1
2023-01-26,-0.20889577733292258,-0.036613175758673164,0.6839401013225999,1
2023-01-27,-1.168270395496433,-0.2708120838626617,0.5636681600267064,1
2023-01-30,-0.6582340762253809,-0.45797657720652873,1.55394976670291,1
2023-01-31,-0.7225576215940582,-0.5857879549397316,1.9431092507797345,1
2023-02-01,-1.0953481572159312,0.18153053486522683,-1.0911386870477484,3
2023-02-02,-1.1342108897433039,-0.36166552695501636,1.4974491336144518,1
2023-02-03,-0.40229148259202946,0.11804875190066554,-0.7633464078571379,3
2023-02-06,0.8337148003856012,-0.13041815782043328,0.397286461756112,0
2023-02-07,-1.735415916415643,-0.42881868415009045,-0.9754328307259239,2
2023-02-08,-0.808169277554402,-0.2670106539561186,1.837769091447287,1
2023-02-09,1.1423641448450406,-0.8909277678813027,0.6399079479852995,0
2023-02-10,0.17671209628866918,-1.036128519996341,-0.48616481793440885,2
2023-02-13,-1.8556187233691381,-2.029564373524746,0.7301402060787793,2
2023-02-14,1.2041915528998826,-0.2714867456178814,-2.3429402382602085,0
2023-02-15,1.9406491922424445,0.17838320029974578,-2.2069606757353184,0
2023-02-16,0.5179717598423067,-0.5339872502270334,1.2535442648107415,1
2023-02-17,1.6947455765659178,-0.5311308370114027,0.3342512804128938,0
2023-02-20,-1.485516219201541,-0.781931012114553,-0.2143043194350636,2
2023-02-21,3.699228515099511,0.9436268534888528,-0.9568171273500586,0
2023-02-22,2.4414300723783904,0.03937462028565282,1.0076911356772735,0
2023-02-23,-3.4005661987880518,-0.5271235890057725,2.3542726188378715,1
2023-02-24,-0.9893157062590662,0.14243404899667664,1.572876123916074,1
2023-02-27,0.8521779388022563,0.559862737007783,0.7433039041398176,0
2023-02-28,-0.8720949762057768,0.17520856930874376,-0.9868435056132688,3
2023-03-01,-0.8906863742155334,0.2545556379984776,-1.2069154017549073,3
2023-03-02,1.7356055546747278,1.244809225908724,-2.620749907028336,3
2023-03-03,-1.8367504598003002,0.4280831363507192,-0.1880796535275249,3
2023-03-06,0.9017590864049513,0.5508817529764193,2.2365491535009454,1
2023-03-07,-0.6726804811945909,1.1525991735740844,-2.2536723634936626,3
2023-03-08,-1.0304840525409482,1.7188967922526193,-1.4445522731226403,3
2023-03-09,-1.8925037915465501,1.7080371167723254,-2.4290871468005584,3
2023-03-10,-0.5894673794295505,2.1089612683212207,-1.7957251270632426,3
2023-03-13,-1.9869531799407432,1.609608600387659,-0.4314464205097589,3
2023-03-14,0.998965712132562,2.379765280743101,-2.6350084724106018,3
2023-03-15,1.7917592086150584,1.6695497731393532,1.9909521964277803,1
2023-03-16,-1.0750709704810226,1.1561966908419088,1.423935900301679,1
2023-03-17,-1.6277516024832765,1.5939570492153488,-0.8925496033155371,3
2023-03-20,-0.3648235424206363,3.0300715444040236,-3.0744175728676018,3
2023-03-21,0.9326029963689257,2.782711588320688,-1.1610063711286056,3
2023-03-22,0.6350610969666464,2.0598972922363217,3.057523108115529,1
2023-03-23,2.9093230916187482,3.388960779146705,-2.4125506381420796,3
2023-03-24,-0.7435228914081023,2.7415517087792294,-0.562064935187986,3
2023-03-27,0.24572171268480833,2.6912935979650956,-1.509807057534623,3
2023-03-28,-1.651664824762232,2.1513916573647536,1.2156813189687212,1
2023-03-29,-1.5094312721144258,3.053007706320024,-1.1311206167029866,3
2023-03-30,-0.9865192333464562,2.0692714900195637,0.7644574486137133,3
2023-03-31,-0.7025290616118841,2.1751164162390526,1.5156890944245527,1
2023-04-03,0.20763195264279563,1.8659266451092111,3.2781704701129337,1
2023-04-04,0.04439402996605292,2.3151605357335066,0.22343816109007958,3
2023-04-05,0.9354532108880812,2.4344893249698836,1.331750049516046,1
2023-04-06,-0.963968793791271,3.266588941466022,-2.542833518661342,3
2023-04-07,-1.0588533850399036,2.6281667580462718,0.7574640374296742,3
2023-04-10,-0.8795492528221932,2.8539384508859458,-0.4520582214600638,3
2023-04-11,-0.7288631668518829,2.143449932874923,-0.8026079688686589,3
2023-04-12,-1.7040292649141238,2.307363818362861,-0.5270887324764357,3
2023-04-13,-1.093422317107074,2.699617714052009,-1.3673103763217176,3
2023-04-14,0.9276854726057441,1.9213430763860064,0.8822250068598435,3
2023-04-17,0.058973735444683845,1.415906287342871,0.5678218253552118,3
2023-04-18,-0.3135361236564434,0.9016674606668922,-0.005826130256501331,3
2023-04-19,1.0220252249221846,1.0213760817496838,-0.64486177960224,3
2023-04-20,1.7172704202605573,-0.12587646260757274,0.39448560646551634,0
2023-04-21,-0.42018407115272005,-0.4028731066190623,0.6560290211902795,1
2023-04-24,0.4262402963255204,0.5777478776061857,-2.362183515462633,3
2023-04-25,0.6423767228644792,0.7221184955923523,-1.4952271459297823,3
2023-04-26,-0.49129536096292215,-0.06987084213358356,0.8279822816943792,1
2023-04-27,0.3729246992574874,0.1567472122921076,0.49678020578132526,1
2023-04-28,-1.726118522692575,-0.13369764698463274,0.6487155578356595,1
2023-05-01,-1.8815525205923358,-0.9996632147538352,3.156151433003658,1
2023-05-02,-0.16730079194057204,0.2307024582347587,1.9870838193144003,1
2023-05-03,0.8261556843867527,0.3497272966061095,1.5304662779054239,1
2023-05-04,-1.0650027874255052,-0.29783169519866487,2.7591649129255282,1
2023-05-05,0.13369275700778083,0.6171385119141942,-0.05399613723119124,3
2023-05-08,0.20452921548472508,0.8777573947776492,-0.9993047632563291,3
2023-05-09,1.0204801793361864,0.4311156512206409,1.0974743894127768,0
2023-05-10,0.1115603261954463,0.3451962540726623,2.338292102943632,1
2023-05-11,1.3082735109658534,1.4152992447953967,-0.5459117560921893,3
2023-05-12,1.1004025496881529,1.6670681496512691,-1.3109954451358756,3
2023-05-15,1.8684868541513642,0.9487067888701589,6.189785597548679,1
2023-05-16,-0.19174475464573,2.0458037399065647,1.894627396417781,1
2023-05-17,-0.5154897153619792,2.3396981528575185,-1.1183756381701446,3
2023-05-18,1.6359298255258674,1.8826732650508924,2.47217778811058,1
2023-05-19,-0.44104116320515735,2.4518214790816533,0.5172013270957639,3
2023-05-22,0.8253785527099887,2.462850322215636,0.33927158305708655,3
2023-05-23,0.5386159712853034,1.7162256336900124,2.1511435851763276,1
2023-05-24,0.0005508365471081749,2.8139063824419828,-1.8746925737210083,3
2023-05-25,0.9449114461333533,2.338391254505521,2.342636106208915,1
2023-05-26,-1.4759784543887484,1.5926790818094898,4.123808201362101,1
2023-05-29,-1.0284083260208523,1.6935552161048808,2.082184185110454,1
2023-05-30,-1.7482985841570544,3.0234230897214833,-1.4277086828633176,3
2023-05-31,1.3431872924468078,2.7667019460749245,0.20115109131211156,3
2023-06-01,-3.109717987012724,2.4760157653696955,-1.2437865460533595,3
2023-06-02,1.8095995374804603,2.693431681400484,0.6934343177373866,3
2023-06-05,-0.3534895886907855,2.632469541267897,-0.3048449691073412,3
2023-06-06,-1.5454312186829962,1.543485127529564,1.6319469768790917,1
2023-06-07,0.8709702173753334,2.616987998770658,-0.4898878230813586,3
2023-06-08,0.6657615061244452,2.172579162020489,1.3580684141817558,1
2023-06-09,-0.663513261874413,1.6658780789671332,-0.167687684837213,3
2023-06-12,-0.19610663925946503,0.5821441063855616,0.03520843297560266,3
2023-06-13,-1.19228060787346,0.6969642114553443,-1.553292250088678,3
2023-06-14,0.22454716359784319,0.2585211491869403,0.9223104900726572,1
2023-06-15,-1.5699067899054453,-0.30187323701950214,0.8437467683574318,1
2023-06-16,-0.14034606106587288,0.2311957599188167,1.1620683825080298,1
2023-06-19,-0.7380083098248644,0.6339914134847154,-1.5106444938295478,3
2023-06-20,-0.4714597314885978,-0.10928476667009522,0.7537478521877744,1
2023-06-21,-0.5170889880081578,-0.5345131011659418,0.24501348195287664,2
2023-06-22,-0.5046694596284999,0.08821602216923229,-1.8501321436413085,3
2023-06-23,-0.05833830700982276,-1.35439564849408,-0.5270068034156431,2
2023-06-26,1.0772677065348077,-1.243380748312801,0.18609276365287822,0
2023-06-27,-1.011882840468515,-1.955807177931814,-0.6117241391352601,2
2023-06-28,0.6872828365428884,-1.678114399787717,-0.26328912429878615,2
2023-06-29,0.1338406212939985,-1.8495715345331676,-0.6749632338042858,2
2023-06-30,-1.833194882787791,-2.4351430871791093,0.2943321174822925,2
2023-07-03,2.403864818749885,-1.8069180919955503,1.4438830925127368,0
2023-07-04,0.8533800847389766,-1.195305442689918,-2.1405901293379386,2
2023-07-05,0.3319656845635473,-1.5973930503140503,-0.6304852274686076,2
2023-07-06,2.3737906817914576,-1.6328902753471468,0.4970599825664154,0
2023-07-07,3.2148827592988347,-1.219249997184103,-0.4314140005172949,0
2023-07-10,-1.0157776340952709,-1.7880938399647526,-0.5362737663974896,2
2023-07-11,-2.3284074266595534,-2.2331498587818177,-0.1242466626551315,2
2023-07-12,2.449442617235641,-1.500111548016123,-0.2621966453481578,0
2023-07-13,-1.5400665110161273,-2.1702596399974707,-0.7002080900690789,2
2023-07-14,1.2809891631194632,-1.6001995360312324,-0.5402554209054156,0
2023-07-17,1.6050037452444597,-1.8112689294852453,-0.2982601490294137,0
2023-07-18,-1.570705364409276,-2.370641130106962,0.0075039314538955584,2
2023-07-19,1.2350278225971894,-1.8512169844114077,-0.37006732575686213,0
2023-07-20,-2.3419747355058638,-2.5319285037651635,-0.7899728537944302,2
2023-07-21,-0.15354490955053088,-1.377031920943789,-2.4658670358669803,2
2023-07-24,-1.7354921630975904,-1.9562205698682043,0.6219150736656845,2
2023-07-25,1.6545628771498053,-1.1304266473184947,0.12891461552569644,0
2023-07-26,1.298887962149801,-1.51345151600963,0.3229074943162962,0
2023-07-27,0.5152257121515919,-1.6001861469426621,1.226050044209581,0
2023-07-28,-0.6207128269956771,-0.25885164032201513,-2.972411046696579,2
2023-07-31,-0.7816728669920907,-1.1257265896847337,1.3092855132454064,1
2023-08-01,-2.7026599694265045,-1.0975997064987613,-1.8974945188235433,2
2023-08-02,0.009305453667884607,-0.6515472456425303,-0.8071278627443771,2
2023-08-03,0.15113512778944052,-0.6718926256182898,-1.1206437494342334,2
2023-08-04,1.8099463789893064,-0.23319185657763858,-0.8818034496782354,0
2023-08-07,-1.655566978924507,-0.9920025677512982,1.4169620906623925,1
2023-08-08,2.307686410570712,-0.2948568683725621,1.99734243979622,0
2023-08-09,-0.6012745601691164,-0.6309872363174134,1.7963112609300786,1
2023-08-10,0.5122211058764374,-0.25709740658173846,-0.16820924822653874,0
2023-08-11,-0.3161326862551136,-0.24572826601763084,0.43333246749709614,2
2023-08-14,-1.5794601239009196,0.02378038865443013,-1.9274194309169699,2
2023-08-15,-1.963044498730136,-0.3899235566287586,3.078494936520871,1
2023-08-16,1.7198767732109947,0.8937713290597278,-0.5599205765919111,0
2023-08-17,0.35355575251696647,0.2855625346221276,2.0667436586948233,1
2023-08-18,1.8206446452174072,0.545790528277844,2.3255263442026086,1
2023-08-21,-0.1404307831466294,1.0112854797009079,-0.16643041204447864,3
2023-08-22,1.8360772707554043,0.14914534931381143,2.698023673127141,1
2023-08-23,-3.2946704515081646,0.27490299332554163,0.6780460363134839,1
2023-08-24,-1.7592037649385106,0.10925967089467638,0.9849587136568891,1
2023-08-25,-1.8760285173174214,0.2681079381052599,-0.876908177340072,3
2023-08-28,2.406643738092285,0.31438835263692755,0.5398117752397528,0
2023-08-29,-0.7963986690678604,-0.08816020430483336,-0.16276501740325686,2
2023-08-30,-1.4258514716742228,-0.2242771951780062,0.19772234810434827,2
2023-08-31,-0.804293087312968,-0.8427022448238217,2.1994850552354244,1
2023-09-01,2.679542191523042,0.08375426815828432,1.4027885693712916,0
2023-09-04,-0.6035315772824794,0.06233879429280623,-1.8143578276604755,3
2023-09-05,-0.046154886096031016,-0.09579024000802597,1.3481732715452597,1
2023-09-06,-2.6856221120903214,-0.38848792725381914,0.7810421686328172,1
2023-09-07,-1.826606742252053,-0.24915165601312234,0.6882130451736787,1
2023-09-08,-0.639488158032449,-0.43826885955106026,1.1665037143607422,1
2023-09-11,-1.1610253352693622,-0.05001622916563029,-0.5991896029082926,2
2023-09-12,1.0196371862095288,0.025608930505071955,-1.410189071459432,0
2023-09-13,-0.6672621073850941,0.0358889527959531,-2.1048546774643144,3
2023-09-14,1.1791467612224842,0.7426333623792268,-2.322638730137852,3
2023-09-15,-1.05217938189219,-0.07947766620884697,0.6705899285200341,1
2023-09-18,-0.04694314662855345,0.4471488377825314,-0.0067896668577313276,3
2023-09-19,-0.1560465387981708,0.1927983776186277,-0.4823105126809619,3
2023-09-20,4.514195040501326,1.7270979270141007,-2.0965911490246483,0
2023-09-21,-1.1786170278421997,1.3338590800325156,-2.406728782146829,3
2023-09-22,-1.06545258120348,1.0266347709134214,2.0881110131504257,1
2023-09-25,0.4520693546240483,1.734992493711468,-0.769383840467068,3
2023-09-26,-1.772304117477768,1.1247256050894308,1.5184895666988192,1
2023-09-27,-0.6956553101626063,2.4101908184916456,-2.2594401539558797,3
2023-09-28,-1.476600008054,1.0378862899018142,3.5353782098285036,1
2023-09-29,2.0461496720077013,2.784192429443112,0.7117764548605009,3
2023-10-02,-2.470451994715285,1.744078168317244,0.8599561823618483,1
2023-10-03,-1.569399791752028,1.2566033734682212,5.323640764540094,1
2023-10-04,-1.07833993608621,2.149722991564935,2.9234737623044054,1
2023-10-05,-1.4351410080401492,3.0615183959504746,0.15965861367504386,3
2023-10-06,0.3944646413375453,3.099936459979782,-0.10901197602034057,3
2023-10-09,-3.08633297629424,3.68026417630912,-0.6932769435801012,3
2023-10-10,-1.0392325397452074,3.0171383979944757,1.3206007130158008,1
2023-10-11,-1.7151597529197649,2.1957867285272563,-0.2189318131231588,3
2023-10-12,1.2942837267249812,2.801273634373371,0.3419205412723789,3
2023-10-13,-0.7893042467284568,1.7402727041383677,2.384514070742501,1
2023-10-16,-2.9663177640760297,2.6382254194351415,-0.6236941044274392,3
2023-10-17,-0.5798751921030343,1.7981910608702558,3.765471724999211,1
2023-10-18,-0.41323057707118593,2.051003079479334,0.4876391960870487,3
2023-10-19,-1.6302604031335468,0.999438251867142,3.088390633998207,1
2023-10-20,0.7456888813084718,1.6433007155464292,1.8681203687624939,1
2023-10-23,-3.0303284121532124,1.1182844442706186,1.2970461724500653,1
2023-10-24,1.8667779907396478,2.0492936036956886,-0.2832293704084944,3
2023-10-25,-0.8377348416273039,1.6249256782907224,-1.5633457121008294,3
2023-10-26,-1.188027155422174,0.3972723577353474,0.521520808330699,1
2023-10-27,-0.3325629919467992,0.5192637892188113,1.6505833332778561,1
2023-10-30,1.9787615203829112,0.8669938854787814,0.8205167166110979,0
2023-10-31,-0.08389108279680813,0.8959977724955868,-2.5593426166828563,3
2023-11-01,1.4097251089235936,0.5479641130237127,-1.4833705502589607,0
2023-11-02,3.860673803703645,1.2993828706577966,-0.8867006245989626,0
2023-11-03,0.7067731472498213,1.6476642621100304,-2.0541717378203,3
2023-11-06,-1.6575349033757116,1.3242426536871565,-0.19229773591537122,3
2023-11-07,-0.8382723628145423,1.0267642222545492,1.588165251516444,1
2023-11-08,-0.6409472273504925,1.0834505207010523,0.24620354154407498,3
2023-11-09,1.3761849555075087,1.9135029879048204,-0.7104054582562879,3
2023-11-10,0.8162770263396396,1.555853458579962,0.5485511209785014,3
2023-11-13,-1.0641351541671495,1.4131664809043059,-0.6130691271260269,3
2023-11-14,0.8898387069226467,0.2365354477173132,1.97727548617588,1
2023-11-15,0.6726695307134707,1.411410165391378,-1.087479227665862,3
2023-11-16,-0.07353595104354496,0.5208685497191246,-0.5599427805990949,3
2023-11-17,1.379440837435656,0.20278356559426977,1.6215349654452897,0
2023-11-20,2.220720455224823,0.6751599428098867,0.6444816282455215,0
2023-11-21,0.77757712560847,0.40325123933816553,-0.07100071204318682,0
2023-11-22,1.1364497651751013,0.12272156069879743,-0.09020224968292359,0
2023-11-23,-0.5370851150915317,-0.0904484002311398,0.38862213721924393,1
2023-11-24,3.559353661887423,0.18191985505404779,1.5848015408090343,0
2023-11-27,-0.42397631276202374,0.321889275820326,-1.4644099483169541,3
2023-11-28,-0.5821920571511023,-0.5933150010160968,0.10867455203642969,2
2023-11-29,-1.1309671518659223,-0.33586474688717627,-1.8828213498447213,2
2023-11-30,2.3704725110305076,-0.5218735359695555,0.28159488729086973,0
