regime_model_id,fit_start_date,fit_end_date,assignment_start_date,assignment_end_date,n_train_observations,n_assignment_observations,n_regimes,pca_components,random_state,expanding_window,mean_match_distance,max_match_distance
0,2018-03-29,2019-03-29,2019-04-01,2019-04-29,252,20,4,3,42,True,0.0,0.0
1,2018-03-29,2019-04-29,2019-04-30,2019-05-28,272,20,4,3,42,True,0.025306870961353853,0.06127205475901096
2,2018-03-29,2019-05-28,2019-05-29,2019-06-25,292,20,4,3,42,True,0.2722144403282714,0.5763111762147687
3,2018-03-29,2019-06-25,2019-06-26,2019-07-24,312,20,4,3,42,True,0.2612826431126449,0.5600287670159556
4,2018-03-29,2019-07-24,2019-07-25,2019-08-21,332,20,4,3,42,True,0.25209111220262165,0.5256225919905528
5,2018-03-29,2019-08-21,2019-08-22,2019-09-19,352,20,4,3,42,True,0.06752606499781445,0.18352537138282685
6,2018-03-29,2019-09-19,2019-09-20,2019-10-17,372,20,4,3,42,True,0.2242456140639651,0.4537923125242471
7,2018-03-29,2019-10-17,2019-10-18,2019-11-14,392,20,4,3,42,True,0.5333021969046501,1.0164470629103894
8,2018-03-29,2019-11-14,2019-11-15,2019-12-13,412,20,4,3,42,True,0.5029418845472341,0.969580993522844
9,2018-03-29,2019-12-13,2019-12-16,2020-01-14,432,20,4,3,42,True,0.26798069977187244,0.395638254470157
10,2018-03-29,2020-01-14,2020-01-15,2020-02-12,452,20,4,3,42,True,0.16294904383388056,0.3660529515689217
11,2018-03-29,2020-02-12,2020-02-13,2020-03-12,472,20,4,3,42,True,0.07174226389218694,0.14581842576209975
12,2018-03-29,2020-03-12,2020-03-13,2020-04-09,492,20,4,3,42,True,0.23898159571553634,0.6050841359834455
13,2018-03-29,2020-04-09,2020-04-13,2020-05-08,512,20,4,3,42,True,1.9422746240921713,4.0869720686831545
14,2018-03-29,2020-05-08,2020-05-11,2020-06-08,532,20,4,3,42,True,0.16464146128436052,0.39110577436605665
15,2018-03-29,2020-06-08,2020-06-09,2020-07-07,552,20,4,3,42,True,0.8609575076735412,1.490855367894398
16,2018-03-29,2020-07-07,2020-07-08,2020-08-04,572,20,4,3,42,True,0.09176815335020713,0.1686311585445546
17,2018-03-29,2020-08-04,2020-08-05,2020-09-01,592,20,4,3,42,True,0.07455730378767554,0.1285276529135315
18,2018-03-29,2020-09-01,2020-09-02,2020-09-30,612,20,4,3,42,True,0.024283167861831406,0.064794856929251
19,2018-03-29,2020-09-30,2020-10-01,2020-10-28,632,20,4,3,42,True,0.030209746687155842,0.0491688520101405
20,2018-03-29,2020-10-28,2020-10-29,2020-11-25,652,20,4,3,42,True,0.06588263552909361,0.14340776214251674
21,2018-03-29,2020-11-25,2020-11-27,2020-12-24,672,20,4,3,42,True,0.05771199624571987,0.14068627088661154
22,2018-03-29,2020-12-24,2020-12-28,2021-01-26,692,20,4,3,42,True,0.009587295008514,0.016569913779311475
23,2018-03-29,2021-01-26,2021-01-27,2021-02-24,712,20,4,3,42,True,0.017980123368526363,0.05164533035369185
24,2018-03-29,2021-02-24,2021-02-25,2021-03-24,732,20,4,3,42,True,0.008042422015020645,0.013193504887064311
25,2018-03-29,2021-03-24,2021-03-25,2021-04-22,752,20,4,3,42,True,0.014772297310531667,0.04411898385637749
26,2018-03-29,2021-04-22,2021-04-23,2021-05-20,772,20,4,3,42,True,0.011134986352060741,0.014984585709381808
27,2018-03-29,2021-05-20,2021-05-21,2021-06-18,792,20,4,3,42,True,0.014310494067199812,0.026664969530858763
28,2018-03-29,2021-06-18,2021-06-21,2021-07-19,812,20,4,3,42,True,0.006642620729165495,0.010269058845270827
29,2018-03-29,2021-07-19,2021-07-20,2021-08-16,832,20,4,3,42,True,0.007700428007472455,0.01090657020847297
30,2018-03-29,2021-08-16,2021-08-17,2021-09-14,852,20,4,3,42,True,0.006331345791344896,0.010534850262805916
31,2018-03-29,2021-09-14,2021-09-15,2021-10-12,872,20,4,3,42,True,0.007312074549714989,0.01383742066474515
32,2018-03-29,2021-10-12,2021-10-13,2021-11-09,892,20,4,3,42,True,0.006120882815417372,0.011207923160639574
33,2018-03-29,2021-11-09,2021-11-10,2021-12-08,912,20,4,3,42,True,0.0051927844661847885,0.007180338059231168
34,2018-03-29,2021-12-08,2021-12-09,2022-01-06,932,20,4,3,42,True,0.006920884065814838,0.016428617654554303
35,2018-03-29,2022-01-06,2022-01-07,2022-02-04,952,20,4,3,42,True,0.005975607542224313,0.009052522013311661
36,2018-03-29,2022-02-04,2022-02-07,2022-03-07,972,20,4,3,42,True,0.034663651535063705,0.08075930098314608
37,2018-03-29,2022-03-07,2022-03-08,2022-04-04,992,20,4,3,42,True,0.04023558157141976,0.06425792955588917
38,2018-03-29,2022-04-04,2022-04-05,2022-05-03,1012,20,4,3,42,True,0.013885574087253785,0.023968429873090155
39,2018-03-29,2022-05-03,2022-05-04,2022-06-01,1032,20,4,3,42,True,0.06235657762561507,0.10986856744995013
40,2018-03-29,2022-06-01,2022-06-02,2022-06-30,1052,20,4,3,42,True,0.019642120331656448,0.026750368211653705
41,2018-03-29,2022-06-30,2022-07-01,2022-07-29,1072,20,4,3,42,True,0.03085303812759734,0.05059223720611194
42,2018-03-29,2022-07-29,2022-08-01,2022-08-26,1092,20,4,3,42,True,0.0218754840836829,0.034721511576436576
43,2018-03-29,2022-08-26,2022-08-29,2022-09-26,1112,20,4,3,42,True,0.008094771386762636,0.015626806693819377
44,2018-03-29,2022-09-26,2022-09-27,2022-10-24,1132,20,4,3,42,True,0.011989186635532662,0.03158289726035016
45,2018-03-29,2022-10-24,2022-10-25,2022-11-21,1152,20,4,3,42,True,0.011930824277288019,0.019915880860848615
46,2018-03-29,2022-11-21,2022-11-22,2022-12-20,1172,20,4,3,42,True,0.022644821151736442,0.06475818615942035
47,2018-03-29,2022-12-20,2022-12-21,2023-01-20,1192,20,4,3,42,True,0.005986402774634698,0.007410222026834304
48,2018-03-29,2023-01-20,2023-01-23,2023-02-17,1212,20,4,3,42,True,0.006904772250828398,0.009206068983644195
49,2018-03-29,2023-02-17,2023-02-21,2023-03-20,1232,20,4,3,42,True,0.024193011545508025,0.08137998700488658
50,2018-03-29,2023-03-20,2023-03-21,2023-04-18,1252,20,4,3,42,True,0.0049507453081313315,0.0067656391632868315
51,2018-03-29,2023-04-18,2023-04-19,2023-05-16,1272,20,4,3,42,True,0.0036688892328587447,0.004766770268940899
52,2018-03-29,2023-05-16,2023-05-17,2023-06-14,1292,20,4,3,42,True,0.0057321604296873396,0.01228572872066044
53,2018-03-29,2023-06-14,2023-06-15,2023-07-14,1312,20,4,3,42,True,0.010230796693014878,0.01450948594593618
54,2018-03-29,2023-07-14,2023-07-17,2023-08-11,1332,20,4,3,42,True,0.008777180614477726,0.012794409912953612
55,2018-03-29,2023-08-11,2023-08-14,2023-09-11,1352,20,4,3,42,True,0.005704250069441554,0.0076698544317842145
56,2018-03-29,2023-09-11,2023-09-12,2023-10-09,1372,20,4,3,42,True,0.005564619837292343,0.008101917086353114
57,2018-03-29,2023-10-09,2023-10-10,2023-11-06,1392,20,4,3,42,True,0.008251317969922442,0.017329061858767345
58,2018-03-29,2023-11-06,2023-11-07,2023-12-05,1412,20,4,3,42,True,0.009532700103484709,0.011952667951634705
59,2018-03-29,2023-12-05,2023-12-06,2024-01-04,1432,20,4,3,42,True,0.00558835375205479,0.007239585402857007
60,2018-03-29,2024-01-04,2024-01-05,2024-02-02,1452,20,4,3,42,True,0.0077110131550987525,0.012186560970485392
61,2018-03-29,2024-02-02,2024-02-05,2024-03-04,1472,20,4,3,42,True,0.007451462377108198,0.011743450646620638
62,2018-03-29,2024-03-04,2024-03-05,2024-04-02,1492,20,4,3,42,True,0.005566851693434583,0.008175574139674055
63,2018-03-29,2024-04-02,2024-04-03,2024-04-30,1512,20,4,3,42,True,0.007626512170078861,0.011509569470689825
64,2018-03-29,2024-04-30,2024-05-01,2024-05-29,1532,20,4,3,42,True,0.007953344388781357,0.014186587163954283
65,2018-03-29,2024-05-29,2024-05-30,2024-06-27,1552,20,4,3,42,True,0.007410880194830461,0.013687749788330997
66,2018-03-29,2024-06-27,2024-06-28,2024-07-26,1572,20,4,3,42,True,0.006837643255045269,0.00795245618880635
67,2018-03-29,2024-07-26,2024-07-29,2024-08-23,1592,20,4,3,42,True,0.006896025921372752,0.012941255974460077
68,2018-03-29,2024-08-23,2024-08-26,2024-09-23,1612,20,4,3,42,True,0.0063194394484931415,0.011938338930898297
69,2018-03-29,2024-09-23,2024-09-24,2024-10-21,1632,20,4,3,42,True,0.002750073790402629,0.004187065413080763
70,2018-03-29,2024-10-21,2024-10-22,2024-11-18,1652,20,4,3,42,True,0.0051400463049205295,0.00607936177944293
71,2018-03-29,2024-11-18,2024-11-19,2024-12-17,1672,20,4,3,42,True,0.010229217352401822,0.015551125863573764
72,2018-03-29,2024-12-17,2024-12-18,2025-01-17,1692,20,4,3,42,True,0.015326875688356821,0.02624519836428028
73,2018-03-29,2025-01-17,2025-01-21,2025-02-18,1712,20,4,3,42,True,0.009067622461091622,0.014841075902279472
74,2018-03-29,2025-02-18,2025-02-19,2025-03-18,1732,20,4,3,42,True,0.010850306343756923,0.020612161933705186
75,2018-03-29,2025-03-18,2025-03-19,2025-04-15,1752,20,4,3,42,True,0.0073233648773283425,0.01197258869811381
76,2018-03-29,2025-04-15,2025-04-16,2025-05-14,1772,20,4,3,42,True,0.041711349612889984,0.13771138965617583
77,2018-03-29,2025-05-14,2025-05-15,2025-06-12,1792,20,4,3,42,True,0.12810556317725513,0.3905125504664223
78,2018-03-29,2025-06-12,2025-06-13,2025-07-14,1812,20,4,3,42,True,0.020802682394680205,0.030289490147284517
79,2018-03-29,2025-07-14,2025-07-15,2025-08-11,1832,20,4,3,42,True,0.07700446957184004,0.1231370328718647
80,2018-03-29,2025-08-11,2025-08-12,2025-09-09,1852,20,4,3,42,True,0.09284634113605134,0.12358526506917883
81,2018-03-29,2025-09-09,2025-09-10,2025-10-07,1872,20,4,3,42,True,0.07392055794499887,0.12293277708715455
82,2018-03-29,2025-10-07,2025-10-08,2025-11-04,1892,20,4,3,42,True,0.05662190944055731,0.12387566439146046
83,2018-03-29,2025-11-04,2025-11-05,2025-12-03,1912,20,4,3,42,True,0.010844759925553352,0.02410446730513059
84,2018-03-29,2025-12-03,2025-12-04,2026-01-02,1932,20,4,3,42,True,0.0793980252359422,0.10794941294034922
85,2018-03-29,2026-01-02,2026-01-05,2026-02-02,1952,20,4,3,42,True,0.1804304242196484,0.4234349335061996
86,2018-03-29,2026-02-02,2026-02-03,2026-03-03,1972,20,4,3,42,True,0.08677465576800966,0.23248390633339736
87,2018-03-29,2026-03-03,2026-03-04,2026-03-31,1992,20,4,3,42,True,0.09986714144697162,0.151013345816062
88,2018-03-29,2026-03-31,2026-04-01,2026-04-29,2012,20,4,3,42,True,0.05919220189448732,0.11153243730930949
89,2018-03-29,2026-04-29,2026-04-30,2026-05-28,2032,20,4,3,42,True,0.017641270026219312,0.03788918979639195
90,2018-03-29,2026-05-28,2026-05-29,2026-06-26,2052,20,4,3,42,True,0.01570596447220607,0.034990275879469866
91,2018-03-29,2026-06-26,2026-06-29,2026-07-01,2072,3,4,3,42,True,0.12021901096332678,0.24683245077675148
