raw_regime,regime,stress_score,mapping_method,match_distance,regime_model_id,fit_start_date,fit_end_date,assignment_start_date,assignment_end_date
0,2,2.198564470558198,canonical_stress_order,0.0,0,2018-03-29,2019-03-29,2019-04-01,2019-04-29
1,1,1.4308413151408474,canonical_stress_order,0.0,0,2018-03-29,2019-03-29,2019-04-01,2019-04-29
2,3,7.766460066307426,canonical_stress_order,0.0,0,2018-03-29,2019-03-29,2019-04-01,2019-04-29
3,0,-2.6344049113240238,canonical_stress_order,0.0,0,2018-03-29,2019-03-29,2019-04-01,2019-04-29
0,1,1.5069354124689534,sequential_centroid_match,0.06127205475901096,1,2018-03-29,2019-04-29,2019-04-30,2019-05-28
1,0,-2.5211083572381896,sequential_centroid_match,0.02878507877996071,1,2018-03-29,2019-04-29,2019-04-30,2019-05-28
2,3,8.061222068440689,sequential_centroid_match,0.007796933202980046,1,2018-03-29,2019-04-29,2019-04-30,2019-05-28
3,2,2.375221590142087,sequential_centroid_match,0.003373417103463694,1,2018-03-29,2019-04-29,2019-04-30,2019-05-28
0,2,2.63524834238158,sequential_centroid_match,0.19524762200029197,2,2018-03-29,2019-05-28,2019-05-29,2019-06-25
1,0,-2.8503422908655023,sequential_centroid_match,0.13355830754084166,2,2018-03-29,2019-05-28,2019-05-29,2019-06-25
2,1,0.12048338971700889,sequential_centroid_match,0.5763111762147687,2,2018-03-29,2019-05-28,2019-05-29,2019-06-25
3,3,8.059537241206405,sequential_centroid_match,0.1837406555571833,2,2018-03-29,2019-05-28,2019-05-29,2019-06-25
0,0,-2.2412967014934653,sequential_centroid_match,0.1274208356978702,3,2018-03-29,2019-06-25,2019-06-26,2019-07-24
1,1,1.5063957945589368,sequential_centroid_match,0.5600287670159556,3,2018-03-29,2019-06-25,2019-06-26,2019-07-24
2,2,2.7628287354143497,sequential_centroid_match,0.18243405019031642,3,2018-03-29,2019-06-25,2019-06-26,2019-07-24
3,3,8.212718335722947,sequential_centroid_match,0.17524691954643715,3,2018-03-29,2019-06-25,2019-06-26,2019-07-24
0,1,0.03747802138869205,sequential_centroid_match,0.5256225919905528,4,2018-03-29,2019-07-24,2019-07-25,2019-08-21
1,3,8.195216622390175,sequential_centroid_match,0.16433384739248671,4,2018-03-29,2019-07-24,2019-07-25,2019-08-21
2,2,2.896842778781592,sequential_centroid_match,0.18360019034868882,4,2018-03-29,2019-07-24,2019-07-25,2019-08-21
3,0,-2.6274740302841826,sequential_centroid_match,0.1348078190787583,4,2018-03-29,2019-07-24,2019-07-25,2019-08-21
0,0,-2.6043942317161917,sequential_centroid_match,0.014425723257779388,5,2018-03-29,2019-08-21,2019-08-22,2019-09-19
1,1,0.3279964534713046,sequential_centroid_match,0.05113255327434135,5,2018-03-29,2019-08-21,2019-08-22,2019-09-19
2,3,8.260623601744363,sequential_centroid_match,0.18352537138282685,5,2018-03-29,2019-08-21,2019-08-22,2019-09-19
3,2,2.866414852384904,sequential_centroid_match,0.021020612076310254,5,2018-03-29,2019-08-21,2019-08-22,2019-09-19
0,3,7.943061021056328,sequential_centroid_match,0.06883831101469141,6,2018-03-29,2019-09-19,2019-09-20,2019-10-17
1,0,-2.2453933033172486,sequential_centroid_match,0.12700167789895062,6,2018-03-29,2019-09-19,2019-09-20,2019-10-17
2,1,1.5647680747967467,sequential_centroid_match,0.4537923125242471,6,2018-03-29,2019-09-19,2019-09-20,2019-10-17
3,2,2.246379167735988,sequential_centroid_match,0.24735015481797126,6,2018-03-29,2019-09-19,2019-09-20,2019-10-17
0,0,-2.7781518704822794,sequential_centroid_match,0.26861640865741876,7,2018-03-29,2019-10-17,2019-10-18,2019-11-14
1,3,5.2395552465482655,sequential_centroid_match,0.676666877898583,7,2018-03-29,2019-10-17,2019-10-18,2019-11-14
2,1,-0.30924878948507073,sequential_centroid_match,1.0164470629103894,7,2018-03-29,2019-10-17,2019-10-18,2019-11-14
3,2,2.2204127015259707,sequential_centroid_match,0.17147843815220934,7,2018-03-29,2019-10-17,2019-10-18,2019-11-14
0,1,1.4330168994923456,sequential_centroid_match,0.969580993522844,8,2018-03-29,2019-11-14,2019-11-15,2019-12-13
1,2,2.1140127728878073,sequential_centroid_match,0.12747657559008846,8,2018-03-29,2019-11-14,2019-11-15,2019-12-13
2,3,6.7393817201050705,sequential_centroid_match,0.6470384744235017,8,2018-03-29,2019-11-14,2019-11-15,2019-12-13
3,0,-2.1506227433684706,sequential_centroid_match,0.2676714946525019,8,2018-03-29,2019-11-14,2019-11-15,2019-12-13
0,3,8.633345410761061,sequential_centroid_match,0.36586995185539106,9,2018-03-29,2019-12-13,2019-12-16,2020-01-14
1,0,-2.3786554737179704,sequential_centroid_match,0.10475188052628409,9,2018-03-29,2019-12-13,2019-12-16,2020-01-14
2,2,2.8256322061599173,sequential_centroid_match,0.2056627122356575,9,2018-03-29,2019-12-13,2019-12-16,2020-01-14
3,1,0.6085111078531786,sequential_centroid_match,0.395638254470157,9,2018-03-29,2019-12-13,2019-12-16,2020-01-14
0,1,0.36118945325215723,sequential_centroid_match,0.07601177357552093,10,2018-03-29,2020-01-14,2020-01-15,2020-02-12
1,2,2.4129023860266763,sequential_centroid_match,0.15918967344040094,10,2018-03-29,2020-01-14,2020-01-15,2020-02-12
2,3,7.46800934753676,sequential_centroid_match,0.3660529515689217,10,2018-03-29,2020-01-14,2020-01-15,2020-02-12
3,0,-2.39366105264451,sequential_centroid_match,0.05054177675067873,10,2018-03-29,2020-01-14,2020-01-15,2020-02-12
0,2,2.6136346717351095,sequential_centroid_match,0.03013660315467544,11,2018-03-29,2020-02-12,2020-02-13,2020-03-12
1,0,-2.361678841778792,sequential_centroid_match,0.0314240804977171,11,2018-03-29,2020-02-12,2020-02-13,2020-03-12
2,3,6.660514798218647,sequential_centroid_match,0.14581842576209975,11,2018-03-29,2020-02-12,2020-02-13,2020-03-12
3,1,0.1792305436378725,sequential_centroid_match,0.07958994615425548,11,2018-03-29,2020-02-12,2020-02-13,2020-03-12
0,0,-2.3206962679023238,sequential_centroid_match,0.03485990321343887,12,2018-03-29,2020-03-12,2020-03-13,2020-04-09
1,3,8.349796915773734,sequential_centroid_match,0.6050841359834455,12,2018-03-29,2020-03-12,2020-03-13,2020-04-09
2,2,2.621233238728838,sequential_centroid_match,0.20898080485769907,12,2018-03-29,2020-03-12,2020-03-13,2020-04-09
3,1,0.3489881647118349,sequential_centroid_match,0.10700153880756193,12,2018-03-29,2020-03-12,2020-03-13,2020-04-09
0,3,19.306166267486358,sequential_centroid_match,4.0869720686831545,13,2018-03-29,2020-04-09,2020-04-13,2020-05-08
1,0,-1.641941816036164,sequential_centroid_match,0.218356817150235,13,2018-03-29,2020-04-09,2020-04-13,2020-05-08
2,1,2.078120729374103,sequential_centroid_match,0.6601751382215633,13,2018-03-29,2020-04-09,2020-04-13,2020-05-08
3,2,9.968130164813285,sequential_centroid_match,2.8035944723137325,13,2018-03-29,2020-04-09,2020-04-13,2020-05-08
0,1,1.8835572431780714,sequential_centroid_match,0.0420953964254594,14,2018-03-29,2020-05-08,2020-05-11,2020-06-08
1,0,-1.87939849397059,sequential_centroid_match,0.011293758405887283,14,2018-03-29,2020-05-08,2020-05-11,2020-06-08
2,2,8.316738180772685,sequential_centroid_match,0.39110577436605665,14,2018-03-29,2020-05-08,2020-05-11,2020-06-08
3,3,18.12154119763293,sequential_centroid_match,0.21407091594003885,14,2018-03-29,2020-05-08,2020-05-11,2020-06-08
0,1,2.2349632903501058,sequential_centroid_match,0.43040556796777396,15,2018-03-29,2020-06-08,2020-06-09,2020-07-07
1,3,13.44591263519609,sequential_centroid_match,1.4738520324185422,15,2018-03-29,2020-06-08,2020-06-09,2020-07-07
2,0,-2.1031489396135914,sequential_centroid_match,0.048717062413450335,15,2018-03-29,2020-06-08,2020-06-09,2020-07-07
3,2,0.9744352034529471,sequential_centroid_match,1.490855367894398,15,2018-03-29,2020-06-08,2020-06-09,2020-07-07
0,2,0.5996445637247719,sequential_centroid_match,0.11249978168783956,16,2018-03-29,2020-07-07,2020-07-08,2020-08-04
1,0,-2.030156031942337,sequential_centroid_match,0.03898338467331728,16,2018-03-29,2020-07-07,2020-07-08,2020-08-04
2,1,2.3503964882471102,sequential_centroid_match,0.1686311585445546,16,2018-03-29,2020-07-07,2020-07-08,2020-08-04
3,3,13.479538779110127,sequential_centroid_match,0.046958288495117066,16,2018-03-29,2020-07-07,2020-07-08,2020-08-04
0,0,-2.0252870426719247,sequential_centroid_match,0.025867543756579795,17,2018-03-29,2020-08-04,2020-08-05,2020-09-01
1,2,1.1559014385030917,sequential_centroid_match,0.1285276529135315,17,2018-03-29,2020-08-04,2020-08-05,2020-09-01
2,3,13.534870174477565,sequential_centroid_match,0.021883032071718534,17,2018-03-29,2020-08-04,2020-08-05,2020-09-01
3,1,2.0413265459391723,sequential_centroid_match,0.12195098640887232,17,2018-03-29,2020-08-04,2020-08-05,2020-09-01
0,2,0.986482177371369,sequential_centroid_match,0.064794856929251,18,2018-03-29,2020-09-01,2020-09-02,2020-09-30
1,1,2.138992581657428,sequential_centroid_match,0.014609114075394159,18,2018-03-29,2020-09-01,2020-09-02,2020-09-30
2,0,-1.9917879055045853,sequential_centroid_match,0.008514202769122977,18,2018-03-29,2020-09-01,2020-09-02,2020-09-30
3,3,13.576989422353714,sequential_centroid_match,0.009214497673557509,18,2018-03-29,2020-09-01,2020-09-02,2020-09-30
0,3,13.699303070034004,sequential_centroid_match,0.006676011120419522,19,2018-03-29,2020-09-30,2020-10-01,2020-10-28
1,0,-1.990726466121861,sequential_centroid_match,0.02442550642677263,19,2018-03-29,2020-09-30,2020-10-01,2020-10-28
2,1,1.9991670432845825,sequential_centroid_match,0.040568617191290714,19,2018-03-29,2020-09-30,2020-10-01,2020-10-28
3,2,1.150962112200792,sequential_centroid_match,0.0491688520101405,19,2018-03-29,2020-09-30,2020-10-01,2020-10-28
0,3,13.870157492310414,sequential_centroid_match,0.004754346768740458,20,2018-03-29,2020-10-28,2020-10-29,2020-11-25
1,1,1.293568735342548,sequential_centroid_match,0.14340776214251674,20,2018-03-29,2020-10-28,2020-10-29,2020-11-25
2,2,1.453175529147051,sequential_centroid_match,0.06287713220252605,20,2018-03-29,2020-10-28,2020-10-29,2020-11-25
3,0,-2.0523498217335514,sequential_centroid_match,0.052491301002591195,20,2018-03-29,2020-10-28,2020-10-29,2020-11-25
0,0,-2.0120104310770524,sequential_centroid_match,0.013924384610510637,21,2018-03-29,2020-11-25,2020-11-27,2020-12-24
1,1,1.2363968170286754,sequential_centroid_match,0.014067070411941782,21,2018-03-29,2020-11-25,2020-11-27,2020-12-24
2,2,1.508633503016818,sequential_centroid_match,0.062170259073815515,21,2018-03-29,2020-11-25,2020-11-27,2020-12-24
3,3,13.517735123373877,sequential_centroid_match,0.14068627088661154,21,2018-03-29,2020-11-25,2020-11-27,2020-12-24
0,1,1.2453670481949533,sequential_centroid_match,0.011190540629629913,22,2018-03-29,2020-12-24,2020-12-28,2021-01-26
1,0,-1.998044639667613,sequential_centroid_match,0.0057976319007185745,22,2018-03-29,2020-12-24,2020-12-28,2021-01-26
2,2,1.5521306873234417,sequential_centroid_match,0.016569913779311475,22,2018-03-29,2020-12-24,2020-12-28,2021-01-26
3,3,13.647436870893506,sequential_centroid_match,0.0047910937243960325,22,2018-03-29,2020-12-24,2020-12-28,2021-01-26
0,0,-1.98252808847056,sequential_centroid_match,0.0031107877702601793,23,2018-03-29,2021-01-26,2021-01-27,2021-02-24
1,1,1.280437404929294,sequential_centroid_match,0.0071567912720832,23,2018-03-29,2021-01-26,2021-01-27,2021-02-24
2,2,1.4565216804004812,sequential_centroid_match,0.05164533035369185,23,2018-03-29,2021-01-26,2021-01-27,2021-02-24
3,3,13.681349899245976,sequential_centroid_match,0.010007584078070224,23,2018-03-29,2021-01-26,2021-01-27,2021-02-24
0,0,-1.9735168813100938,sequential_centroid_match,0.005861020637820764,24,2018-03-29,2021-02-24,2021-02-25,2021-03-24
1,1,1.275473519700753,sequential_centroid_match,0.013193504887064311,24,2018-03-29,2021-02-24,2021-02-25,2021-03-24
2,2,1.4873419215336703,sequential_centroid_match,0.006784287593825024,24,2018-03-29,2021-02-24,2021-02-25,2021-03-24
3,3,13.869238679144189,sequential_centroid_match,0.0063308749413724785,24,2018-03-29,2021-02-24,2021-02-25,2021-03-24
0,2,1.2992767037144886,sequential_centroid_match,0.04411898385637749,25,2018-03-29,2021-03-24,2021-03-25,2021-04-22
1,3,14.000302357528057,sequential_centroid_match,0.0025011297510982126,25,2018-03-29,2021-03-24,2021-03-25,2021-04-22
2,0,-2.0148118926923884,sequential_centroid_match,0.008565938752010576,25,2018-03-29,2021-03-24,2021-03-25,2021-04-22
3,1,1.2928097336726019,sequential_centroid_match,0.00390313688264039,25,2018-03-29,2021-03-24,2021-03-25,2021-04-22
0,1,1.3077860913468038,sequential_centroid_match,0.0068795234224394985,26,2018-03-29,2021-04-22,2021-04-23,2021-05-20
1,3,14.095710518828252,sequential_centroid_match,0.013600369057328171,26,2018-03-29,2021-04-22,2021-04-23,2021-05-20
2,0,-1.9964312705063894,sequential_centroid_match,0.009075467219093488,26,2018-03-29,2021-04-22,2021-04-23,2021-05-20
3,2,1.3069305765010766,sequential_centroid_match,0.014984585709381808,26,2018-03-29,2021-04-22,2021-04-23,2021-05-20
0,1,1.2189418904288272,sequential_centroid_match,0.026664969530858763,27,2018-03-29,2021-05-20,2021-05-21,2021-06-18
1,2,1.2876726826851828,sequential_centroid_match,0.015799609794515924,27,2018-03-29,2021-05-20,2021-05-21,2021-06-18
2,3,14.24454408152717,sequential_centroid_match,0.004493555271697941,27,2018-03-29,2021-05-20,2021-05-21,2021-06-18
3,0,-2.0172706548649377,sequential_centroid_match,0.010283841671726624,27,2018-03-29,2021-05-20,2021-05-21,2021-06-18
0,0,-1.9975100637355472,sequential_centroid_match,0.008761683250093895,28,2018-03-29,2021-06-18,2021-06-21,2021-07-19
1,2,1.3389354326974388,sequential_centroid_match,0.003517624120515318,28,2018-03-29,2021-06-18,2021-06-21,2021-07-19
2,1,1.2306641378779535,sequential_centroid_match,0.010269058845270827,28,2018-03-29,2021-06-18,2021-06-21,2021-07-19
3,3,14.387075716393932,sequential_centroid_match,0.004022116700781939,28,2018-03-29,2021-06-18,2021-06-21,2021-07-19
0,0,-2.002832419065767,sequential_centroid_match,0.008105497394339627,29,2018-03-29,2021-07-19,2021-07-20,2021-08-16
1,2,1.3539170046497637,sequential_centroid_match,0.01090657020847297,29,2018-03-29,2021-07-19,2021-07-20,2021-08-16
2,1,1.282634330388534,sequential_centroid_match,0.007145716242452588,29,2018-03-29,2021-07-19,2021-07-20,2021-08-16
3,3,14.53596716550931,sequential_centroid_match,0.004643928184624635,29,2018-03-29,2021-07-19,2021-07-20,2021-08-16
0,0,-1.9842217020557502,sequential_centroid_match,0.004774315847360921,30,2018-03-29,2021-08-16,2021-08-17,2021-09-14
1,2,1.3973433529326533,sequential_centroid_match,0.006860377181346933,30,2018-03-29,2021-08-16,2021-08-17,2021-09-14
2,1,1.2960632014102897,sequential_centroid_match,0.010534850262805916,30,2018-03-29,2021-08-16,2021-08-17,2021-09-14
3,3,14.691238892785165,sequential_centroid_match,0.0031558398738658145,30,2018-03-29,2021-08-16,2021-08-17,2021-09-14
0,1,1.255444538595152,sequential_centroid_match,0.01383742066474515,31,2018-03-29,2021-09-14,2021-09-15,2021-10-12
1,0,-1.963394396310011,sequential_centroid_match,0.006612852021794986,31,2018-03-29,2021-09-14,2021-09-15,2021-10-12
2,2,1.4292917758603747,sequential_centroid_match,0.004399639933002666,31,2018-03-29,2021-09-14,2021-09-15,2021-10-12
3,3,14.857037857961204,sequential_centroid_match,0.004398385579317153,31,2018-03-29,2021-09-14,2021-09-15,2021-10-12
0,0,-1.9576745287733894,sequential_centroid_match,0.004827588450083123,32,2018-03-29,2021-10-12,2021-10-13,2021-11-09
1,2,1.4336310485111854,sequential_centroid_match,0.006315033119562486,32,2018-03-29,2021-10-12,2021-10-13,2021-11-09
2,3,15.0065137626199,sequential_centroid_match,0.0021329865313843015,32,2018-03-29,2021-10-12,2021-10-13,2021-11-09
3,1,1.215751733710611,sequential_centroid_match,0.011207923160639574,32,2018-03-29,2021-10-12,2021-10-13,2021-11-09
0,2,1.4619717919144741,sequential_centroid_match,0.006652885530603547,33,2018-03-29,2021-11-09,2021-11-10,2021-12-08
1,1,1.2927461296439449,sequential_centroid_match,0.007180338059231168,33,2018-03-29,2021-11-09,2021-11-10,2021-12-08
2,0,-1.9416839123152525,sequential_centroid_match,0.0052985505599226195,33,2018-03-29,2021-11-09,2021-11-10,2021-12-08
3,3,15.14169955980758,sequential_centroid_match,0.0016393637149818166,33,2018-03-29,2021-11-09,2021-11-10,2021-12-08
0,2,1.465821070233812,sequential_centroid_match,0.005714813691115361,34,2018-03-29,2021-12-08,2021-12-09,2022-01-06
1,0,-1.9496141351955631,sequential_centroid_match,0.0038185907923669014,34,2018-03-29,2021-12-08,2021-12-09,2022-01-06
2,1,1.2344589127759544,sequential_centroid_match,0.016428617654554303,34,2018-03-29,2021-12-08,2021-12-09,2022-01-06
3,3,15.281607927246387,sequential_centroid_match,0.0017215141252227872,34,2018-03-29,2021-12-08,2021-12-09,2022-01-06
0,0,-1.9439404376039824,sequential_centroid_match,0.009052522013311661,35,2018-03-29,2022-01-06,2022-01-07,2022-02-04
1,2,1.4741443201495947,sequential_centroid_match,0.003918622521128081,35,2018-03-29,2022-01-06,2022-01-07,2022-02-04
2,3,15.378616792714444,sequential_centroid_match,0.0030645469754326253,35,2018-03-29,2022-01-06,2022-01-07,2022-02-04
3,1,1.2266304401578596,sequential_centroid_match,0.007866738659024887,35,2018-03-29,2022-01-06,2022-01-07,2022-02-04
0,2,1.5039317846830296,sequential_centroid_match,0.03676306607192503,36,2018-03-29,2022-02-04,2022-02-07,2022-03-07
1,0,-1.9456368472396695,sequential_centroid_match,0.010949232417016149,36,2018-03-29,2022-02-04,2022-02-07,2022-03-07
2,1,1.2507328608927881,sequential_centroid_match,0.01018300666816754,36,2018-03-29,2022-02-04,2022-02-07,2022-03-07
3,3,15.140866851632179,sequential_centroid_match,0.08075930098314608,36,2018-03-29,2022-02-04,2022-02-07,2022-03-07
0,0,-2.0141870898695187,sequential_centroid_match,0.03139453596202488,37,2018-03-29,2022-03-07,2022-03-08,2022-04-04
1,2,1.6643838249338114,sequential_centroid_match,0.037830046730999524,37,2018-03-29,2022-03-07,2022-03-08,2022-04-04
2,1,0.8683794776294516,sequential_centroid_match,0.06425792955588917,37,2018-03-29,2022-03-07,2022-03-08,2022-04-04
3,3,15.170108512481972,sequential_centroid_match,0.027459814036765475,37,2018-03-29,2022-03-07,2022-03-08,2022-04-04
0,0,-2.0416472265370738,sequential_centroid_match,0.004590495095383837,38,2018-03-29,2022-04-04,2022-04-05,2022-05-03
1,3,15.184306948806496,sequential_centroid_match,0.023968429873090155,38,2018-03-29,2022-04-04,2022-04-05,2022-05-03
2,1,0.8681638613124408,sequential_centroid_match,0.007555405435773638,38,2018-03-29,2022-04-04,2022-04-05,2022-05-03
3,2,1.687579708348756,sequential_centroid_match,0.019427965944767516,38,2018-03-29,2022-04-04,2022-04-05,2022-05-03
0,3,15.070128329035668,sequential_centroid_match,0.10986856744995013,39,2018-03-29,2022-05-03,2022-05-04,2022-06-01
1,2,1.7919062440014644,sequential_centroid_match,0.039287458472713366,39,2018-03-29,2022-05-03,2022-05-04,2022-06-01
2,0,-2.015477285189835,sequential_centroid_match,0.029227495369574107,39,2018-03-29,2022-05-03,2022-05-04,2022-06-01
3,1,1.2254678067382294,sequential_centroid_match,0.07104278921022267,39,2018-03-29,2022-05-03,2022-05-04,2022-06-01
0,2,1.847703304761563,sequential_centroid_match,0.026750368211653705,40,2018-03-29,2022-06-01,2022-06-02,2022-06-30
1,1,1.2581846110172443,sequential_centroid_match,0.01802452523347207,40,2018-03-29,2022-06-01,2022-06-02,2022-06-30
2,0,-2.055049986811616,sequential_centroid_match,0.008428801727265008,40,2018-03-29,2022-06-01,2022-06-02,2022-06-30
3,3,14.99914410093578,sequential_centroid_match,0.025364786154235004,40,2018-03-29,2022-06-01,2022-06-02,2022-06-30
0,1,1.3141234903303394,sequential_centroid_match,0.02485227811073211,41,2018-03-29,2022-06-30,2022-07-01,2022-07-29
1,0,-2.1297813658102167,sequential_centroid_match,0.0048345665900859395,41,2018-03-29,2022-06-30,2022-07-01,2022-07-29
2,3,14.943707306531335,sequential_centroid_match,0.05059223720611194,41,2018-03-29,2022-06-30,2022-07-01,2022-07-29
3,2,1.9772719007479143,sequential_centroid_match,0.04313307060345938,41,2018-03-29,2022-06-30,2022-07-01,2022-07-29
0,1,1.3083562038293008,sequential_centroid_match,0.024151270404124868,42,2018-03-29,2022-07-29,2022-08-01,2022-08-26
1,0,-2.1881976174489024,sequential_centroid_match,0.006099672104755535,42,2018-03-29,2022-07-29,2022-08-01,2022-08-26
2,3,14.92892932023483,sequential_centroid_match,0.034721511576436576,42,2018-03-29,2022-07-29,2022-08-01,2022-08-26
3,2,1.9887130423824408,sequential_centroid_match,0.022529482249414628,42,2018-03-29,2022-07-29,2022-08-01,2022-08-26
0,1,1.3107770640878538,sequential_centroid_match,0.015626806693819377,43,2018-03-29,2022-08-26,2022-08-29,2022-09-26
1,0,-2.181983006373536,sequential_centroid_match,0.006753529742736268,43,2018-03-29,2022-08-26,2022-08-29,2022-09-26
2,3,15.033490812233644,sequential_centroid_match,0.0026572211602396483,43,2018-03-29,2022-08-26,2022-08-29,2022-09-26
3,2,1.9924830911901932,sequential_centroid_match,0.0073415279502552465,43,2018-03-29,2022-08-26,2022-08-29,2022-09-26
0,0,-2.227828184909109,sequential_centroid_match,0.006813983728282777,44,2018-03-29,2022-09-26,2022-09-27,2022-10-24
1,1,1.4221123607102983,sequential_centroid_match,0.03158289726035016,44,2018-03-29,2022-09-26,2022-09-27,2022-10-24
2,2,1.9546625152018156,sequential_centroid_match,0.0075603567718386415,44,2018-03-29,2022-09-26,2022-09-27,2022-10-24
3,3,15.10506780979225,sequential_centroid_match,0.0019995087816590718,44,2018-03-29,2022-09-26,2022-09-27,2022-10-24
0,0,-2.266328367952719,sequential_centroid_match,0.0037677645173365467,45,2018-03-29,2022-10-24,2022-10-25,2022-11-21
1,2,1.9176088416698551,sequential_centroid_match,0.019915880860848615,45,2018-03-29,2022-10-24,2022-10-25,2022-11-21
2,3,15.114990624355945,sequential_centroid_match,0.005580226308012654,45,2018-03-29,2022-10-24,2022-10-25,2022-11-21
3,1,1.4595220477674342,sequential_centroid_match,0.01845942542295426,45,2018-03-29,2022-10-24,2022-10-25,2022-11-21
0,1,1.4401381880362019,sequential_centroid_match,0.007691953201713385,46,2018-03-29,2022-11-21,2022-11-22,2022-12-20
1,2,1.8958330196234887,sequential_centroid_match,0.014330937557822956,46,2018-03-29,2022-11-21,2022-11-22,2022-12-20
2,0,-2.2831042118519367,sequential_centroid_match,0.0037982076879890833,46,2018-03-29,2022-11-21,2022-11-22,2022-12-20
3,3,14.909193386104468,sequential_centroid_match,0.06475818615942035,46,2018-03-29,2022-11-21,2022-11-22,2022-12-20
0,0,-2.27146726742419,sequential_centroid_match,0.006169786357399166,47,2018-03-29,2022-12-20,2022-12-21,2023-01-20
1,2,1.906824831039982,sequential_centroid_match,0.006112257001919676,47,2018-03-29,2022-12-20,2022-12-21,2023-01-20
2,1,1.4516187104292886,sequential_centroid_match,0.007410222026834304,47,2018-03-29,2022-12-20,2022-12-21,2023-01-20
3,3,14.995094178856595,sequential_centroid_match,0.004253345712385646,47,2018-03-29,2022-12-20,2022-12-21,2023-01-20
0,2,1.9189389030871444,sequential_centroid_match,0.007353220096173558,48,2018-03-29,2023-01-20,2023-01-23,2023-02-17
1,0,-2.267146822886157,sequential_centroid_match,0.008546493427290013,48,2018-03-29,2023-01-20,2023-01-23,2023-02-17
2,3,15.08510411533032,sequential_centroid_match,0.002513306496205827,48,2018-03-29,2023-01-20,2023-01-23,2023-02-17
3,1,1.4281061131106754,sequential_centroid_match,0.009206068983644195,48,2018-03-29,2023-01-20,2023-01-23,2023-02-17
0,2,1.8668303458346425,sequential_centroid_match,0.008798466166293803,49,2018-03-29,2023-02-17,2023-02-21,2023-03-20
1,0,-2.270422446582715,sequential_centroid_match,0.002515837595652198,49,2018-03-29,2023-02-17,2023-02-21,2023-03-20
2,1,1.4184298784919323,sequential_centroid_match,0.004077755415199523,49,2018-03-29,2023-02-17,2023-02-21,2023-03-20
3,3,14.957670257697513,sequential_centroid_match,0.08137998700488658,49,2018-03-29,2023-02-17,2023-02-21,2023-03-20
0,0,-2.2824300959009385,sequential_centroid_match,0.0034719058659129247,50,2018-03-29,2023-03-20,2023-03-21,2023-04-18
1,2,1.8373025486417465,sequential_centroid_match,0.0067656391632868315,50,2018-03-29,2023-03-20,2023-03-21,2023-04-18
2,1,1.4105699318942688,sequential_centroid_match,0.005371782200263155,50,2018-03-29,2023-03-20,2023-03-21,2023-04-18
3,3,15.019744457328983,sequential_centroid_match,0.004193654003062414,50,2018-03-29,2023-03-20,2023-03-21,2023-04-18
0,2,1.8538390465939871,sequential_centroid_match,0.004211021674986232,51,2018-03-29,2023-04-18,2023-04-19,2023-05-16
1,0,-2.2725834481217055,sequential_centroid_match,0.0032195890607794866,51,2018-03-29,2023-04-18,2023-04-19,2023-05-16
2,3,15.0966169317132,sequential_centroid_match,0.0024781759267283607,51,2018-03-29,2023-04-18,2023-04-19,2023-05-16
3,1,1.4099824554057072,sequential_centroid_match,0.004766770268940899,51,2018-03-29,2023-04-18,2023-04-19,2023-05-16
0,1,1.3931385584767257,sequential_centroid_match,0.01228572872066044,52,2018-03-29,2023-05-16,2023-05-17,2023-06-14
1,3,15.164946268160302,sequential_centroid_match,0.0032945181930568676,52,2018-03-29,2023-05-16,2023-05-17,2023-06-14
2,2,1.8726909439125619,sequential_centroid_match,0.004139068978242906,52,2018-03-29,2023-05-16,2023-05-17,2023-06-14
3,0,-2.269830710806431,sequential_centroid_match,0.0032093258267891426,52,2018-03-29,2023-05-16,2023-05-17,2023-06-14
0,0,-2.2639871674209133,sequential_centroid_match,0.006965429880113574,53,2018-03-29,2023-06-14,2023-06-15,2023-07-14
1,1,1.4672647831024197,sequential_centroid_match,0.010451677431254478,53,2018-03-29,2023-06-14,2023-06-15,2023-07-14
2,2,1.8266689804483436,sequential_centroid_match,0.01450948594593618,53,2018-03-29,2023-06-14,2023-06-15,2023-07-14
3,3,15.214348355289157,sequential_centroid_match,0.008996593514755282,53,2018-03-29,2023-06-14,2023-06-15,2023-07-14
0,3,15.313806118468896,sequential_centroid_match,0.0025976119665557657,54,2018-03-29,2023-07-14,2023-07-17,2023-08-11
1,1,1.4227205104824776,sequential_centroid_match,0.012794409912953612,54,2018-03-29,2023-07-14,2023-07-17,2023-08-11
2,2,1.9277677303890572,sequential_centroid_match,0.011260256042605714,54,2018-03-29,2023-07-14,2023-07-17,2023-08-11
3,0,-2.2460640591497207,sequential_centroid_match,0.008456444535795813,54,2018-03-29,2023-07-14,2023-07-17,2023-08-11
0,3,15.393031379867928,sequential_centroid_match,0.004441473150556285,55,2018-03-29,2023-08-11,2023-08-14,2023-09-11
1,2,1.9669440313171025,sequential_centroid_match,0.00428882782122428,55,2018-03-29,2023-08-11,2023-08-14,2023-09-11
2,0,-2.237828910557434,sequential_centroid_match,0.0076698544317842145,55,2018-03-29,2023-08-11,2023-08-14,2023-09-11
3,1,1.4388734505253253,sequential_centroid_match,0.006416844874201439,55,2018-03-29,2023-08-11,2023-08-14,2023-09-11
0,0,-2.226772131250785,sequential_centroid_match,0.0032270497972786334,56,2018-03-29,2023-09-11,2023-09-12,2023-10-09
1,1,1.4335281983026256,sequential_centroid_match,0.008101917086353114,56,2018-03-29,2023-09-11,2023-09-12,2023-10-09
2,3,15.466928258910281,sequential_centroid_match,0.00583920948614954,56,2018-03-29,2023-09-11,2023-09-12,2023-10-09
3,2,1.9740803804035982,sequential_centroid_match,0.005090302979388088,56,2018-03-29,2023-09-11,2023-09-12,2023-10-09
0,2,1.9846832297000279,sequential_centroid_match,0.006109838758242901,57,2018-03-29,2023-10-09,2023-10-10,2023-11-06
1,0,-2.229248061347821,sequential_centroid_match,0.005405913624007111,57,2018-03-29,2023-10-09,2023-10-10,2023-11-06
2,3,15.568195089949628,sequential_centroid_match,0.0041604576386724094,57,2018-03-29,2023-10-09,2023-10-10,2023-11-06
3,1,1.3471192679591788,sequential_centroid_match,0.017329061858767345,57,2018-03-29,2023-10-09,2023-10-10,2023-11-06
0,1,1.341962125757061,sequential_centroid_match,0.011952667951634705,58,2018-03-29,2023-11-06,2023-11-07,2023-12-05
1,0,-2.221399805492351,sequential_centroid_match,0.007591924306844156,58,2018-03-29,2023-11-06,2023-11-07,2023-12-05
2,3,15.627906791194823,sequential_centroid_match,0.00676732324454036,58,2018-03-29,2023-11-06,2023-11-07,2023-12-05
3,2,1.9805304377503345,sequential_centroid_match,0.011818884910919616,58,2018-03-29,2023-11-06,2023-11-07,2023-12-05
0,1,1.3717484534815623,sequential_centroid_match,0.007239585402857007,59,2018-03-29,2023-12-05,2023-12-06,2024-01-04
1,0,-2.215235323613068,sequential_centroid_match,0.006443526683188203,59,2018-03-29,2023-12-05,2023-12-06,2024-01-04
2,2,1.989386504915998,sequential_centroid_match,0.006400986167969498,59,2018-03-29,2023-12-05,2023-12-06,2024-01-04
3,3,15.72316513053713,sequential_centroid_match,0.002269316754204454,59,2018-03-29,2023-12-05,2023-12-06,2024-01-04
0,1,1.3759247875532488,sequential_centroid_match,0.007252012597853026,60,2018-03-29,2024-01-04,2024-01-05,2024-02-02
1,2,2.0275674396352863,sequential_centroid_match,0.006221953520565642,60,2018-03-29,2024-01-04,2024-01-05,2024-02-02
2,3,15.850685853045169,sequential_centroid_match,0.012186560970485392,60,2018-03-29,2024-01-04,2024-01-05,2024-02-02
3,0,-2.2115749643406035,sequential_centroid_match,0.005183525531490949,60,2018-03-29,2024-01-04,2024-01-05,2024-02-02
0,0,-2.2056449799921256,sequential_centroid_match,0.00591387755329674,61,2018-03-29,2024-02-02,2024-02-05,2024-03-04
1,2,2.02537524694012,sequential_centroid_match,0.011743450646620638,61,2018-03-29,2024-02-02,2024-02-05,2024-03-04
2,1,1.4193525158512565,sequential_centroid_match,0.005529066844715316,61,2018-03-29,2024-02-02,2024-02-05,2024-03-04
3,3,15.915949134601808,sequential_centroid_match,0.006619454463800098,61,2018-03-29,2024-02-02,2024-02-05,2024-03-04
0,3,15.961693089659573,sequential_centroid_match,0.008175574139674055,62,2018-03-29,2024-03-04,2024-03-05,2024-04-02
1,0,-2.197077336026385,sequential_centroid_match,0.007131128988835256,62,2018-03-29,2024-03-04,2024-03-05,2024-04-02
2,2,2.051770721037971,sequential_centroid_match,0.0031636691702871754,62,2018-03-29,2024-03-04,2024-03-05,2024-04-02
3,1,1.4398433171122096,sequential_centroid_match,0.003797034474941845,62,2018-03-29,2024-03-04,2024-03-05,2024-04-02
0,1,1.5083580425468148,sequential_centroid_match,0.0074009641833486725,63,2018-03-29,2024-04-02,2024-04-03,2024-04-30
1,2,2.090240849996778,sequential_centroid_match,0.005136069848559217,63,2018-03-29,2024-04-02,2024-04-03,2024-04-30
2,0,-2.191897052558629,sequential_centroid_match,0.011509569470689825,63,2018-03-29,2024-04-02,2024-04-03,2024-04-30
3,3,16.074249579717474,sequential_centroid_match,0.00645944517771773,63,2018-03-29,2024-04-02,2024-04-03,2024-04-30
0,0,-2.1819325457130323,sequential_centroid_match,0.005092341447622999,64,2018-03-29,2024-04-30,2024-05-01,2024-05-29
1,1,1.4580564832950034,sequential_centroid_match,0.014186587163954283,64,2018-03-29,2024-04-30,2024-05-01,2024-05-29
2,3,16.13627067665383,sequential_centroid_match,0.003330668105246661,64,2018-03-29,2024-04-30,2024-05-01,2024-05-29
3,2,2.148746801558672,sequential_centroid_match,0.009203780838301487,64,2018-03-29,2024-04-30,2024-05-01,2024-05-29
0,2,2.1293022644879134,sequential_centroid_match,0.013687749788330997,65,2018-03-29,2024-05-29,2024-05-30,2024-06-27
1,1,1.4784197990323271,sequential_centroid_match,0.0061025026940509305,65,2018-03-29,2024-05-29,2024-05-30,2024-06-27
2,0,-2.180844586257336,sequential_centroid_match,0.003976486556605961,65,2018-03-29,2024-05-29,2024-05-30,2024-06-27
3,3,16.198575238327727,sequential_centroid_match,0.005876781740333955,65,2018-03-29,2024-05-29,2024-05-30,2024-06-27
0,3,16.310756699340583,sequential_centroid_match,0.007449546472988908,66,2018-03-29,2024-06-27,2024-06-28,2024-07-26
1,0,-2.178263102378932,sequential_centroid_match,0.006136158530519984,66,2018-03-29,2024-06-27,2024-06-28,2024-07-26
2,1,1.5309375003507328,sequential_centroid_match,0.005812411827865835,66,2018-03-29,2024-06-27,2024-06-28,2024-07-26
3,2,2.1140164645883748,sequential_centroid_match,0.00795245618880635,66,2018-03-29,2024-06-27,2024-06-28,2024-07-26
0,1,1.543819546923131,sequential_centroid_match,0.0031733967059623547,67,2018-03-29,2024-07-26,2024-07-29,2024-08-23
1,0,-2.1763473339653823,sequential_centroid_match,0.005397471605628017,67,2018-03-29,2024-07-26,2024-07-29,2024-08-23
2,3,16.342855284409296,sequential_centroid_match,0.006071979399440557,67,2018-03-29,2024-07-26,2024-07-29,2024-08-23
3,2,2.1211307751299344,sequential_centroid_match,0.012941255974460077,67,2018-03-29,2024-07-26,2024-07-29,2024-08-23
0,0,-2.156341429245793,sequential_centroid_match,0.0038094440345065304,68,2018-03-29,2024-08-23,2024-08-26,2024-09-23
1,1,1.540645051576076,sequential_centroid_match,0.005000450344659546,68,2018-03-29,2024-08-23,2024-08-26,2024-09-23
2,3,16.385682208055982,sequential_centroid_match,0.004529524483908194,68,2018-03-29,2024-08-23,2024-08-26,2024-09-23
3,2,2.1341080737377895,sequential_centroid_match,0.011938338930898297,68,2018-03-29,2024-08-23,2024-08-26,2024-09-23
0,1,1.540597114623937,sequential_centroid_match,0.004187065413080763,69,2018-03-29,2024-09-23,2024-09-24,2024-10-21
1,0,-2.153785127131589,sequential_centroid_match,0.002130071046445025,69,2018-03-29,2024-09-23,2024-09-24,2024-10-21
2,3,16.469351122009368,sequential_centroid_match,0.001342882497185509,69,2018-03-29,2024-09-23,2024-09-24,2024-10-21
3,2,2.15136343437212,sequential_centroid_match,0.003340276204899219,69,2018-03-29,2024-09-23,2024-09-24,2024-10-21
0,0,-2.150520875426887,sequential_centroid_match,0.004599102692352867,70,2018-03-29,2024-10-21,2024-10-22,2024-11-18
1,3,16.541548089194333,sequential_centroid_match,0.004165004701184473,70,2018-03-29,2024-10-21,2024-10-22,2024-11-18
2,1,1.5812382793852842,sequential_centroid_match,0.005716716046701848,70,2018-03-29,2024-10-21,2024-10-22,2024-11-18
3,2,2.1472932893878345,sequential_centroid_match,0.00607936177944293,70,2018-03-29,2024-10-21,2024-10-22,2024-11-18
0,0,-2.134901617728861,sequential_centroid_match,0.005865174395003356,71,2018-03-29,2024-11-18,2024-11-19,2024-12-17
1,2,2.1327160905638114,sequential_centroid_match,0.015551125863573764,71,2018-03-29,2024-11-18,2024-11-19,2024-12-17
2,3,16.536970496084802,sequential_centroid_match,0.008060450030886634,71,2018-03-29,2024-11-18,2024-11-19,2024-12-17
3,1,1.6498407877567762,sequential_centroid_match,0.011440119120143533,71,2018-03-29,2024-11-18,2024-11-19,2024-12-17
0,2,2.13055018233791,sequential_centroid_match,0.017108824104156244,72,2018-03-29,2024-12-17,2024-12-18,2025-01-17
1,0,-2.143557604052737,sequential_centroid_match,0.012538383816884734,72,2018-03-29,2024-12-17,2024-12-18,2025-01-17
2,1,1.6850007438322043,sequential_centroid_match,0.02624519836428028,72,2018-03-29,2024-12-17,2024-12-18,2025-01-17
3,3,16.590073009112263,sequential_centroid_match,0.005415096468106027,72,2018-03-29,2024-12-17,2024-12-18,2025-01-17
0,1,1.6417438911904565,sequential_centroid_match,0.013939877486645198,73,2018-03-29,2025-01-17,2025-01-21,2025-02-18
1,2,2.102740353716655,sequential_centroid_match,0.014841075902279472,73,2018-03-29,2025-01-17,2025-01-21,2025-02-18
2,3,16.66985629371437,sequential_centroid_match,0.0035226601960271437,73,2018-03-29,2025-01-17,2025-01-21,2025-02-18
3,0,-2.1480868616401567,sequential_centroid_match,0.003966876259414681,73,2018-03-29,2025-01-17,2025-01-21,2025-02-18
0,3,16.652451510019837,sequential_centroid_match,0.009308543220269883,74,2018-03-29,2025-02-18,2025-02-19,2025-03-18
1,0,-2.132872509324547,sequential_centroid_match,0.005259461579591999,74,2018-03-29,2025-02-18,2025-02-19,2025-03-18
2,1,1.6756927331062401,sequential_centroid_match,0.008221058641460622,74,2018-03-29,2025-02-18,2025-02-19,2025-03-18
3,2,2.0884558224530942,sequential_centroid_match,0.020612161933705186,74,2018-03-29,2025-02-18,2025-02-19,2025-03-18
0,0,-2.145169203275082,sequential_centroid_match,0.0033738172197058333,75,2018-03-29,2025-03-18,2025-03-19,2025-04-15
1,3,16.6692593075126,sequential_centroid_match,0.007263525317479407,75,2018-03-29,2025-03-18,2025-03-19,2025-04-15
2,1,1.6562940659999696,sequential_centroid_match,0.006683528274014319,75,2018-03-29,2025-03-18,2025-03-19,2025-04-15
3,2,2.100068411569438,sequential_centroid_match,0.01197258869811381,75,2018-03-29,2025-03-18,2025-03-19,2025-04-15
0,3,16.094182984995207,sequential_centroid_match,0.13771138965617583,76,2018-03-29,2025-04-15,2025-04-16,2025-05-14
1,1,1.6727135101207105,sequential_centroid_match,0.01213540242346281,76,2018-03-29,2025-04-15,2025-04-16,2025-05-14
2,2,2.027758749517244,sequential_centroid_match,0.008972688594295484,76,2018-03-29,2025-04-15,2025-04-16,2025-05-14
3,0,-2.135524007761344,sequential_centroid_match,0.008025917777625825,76,2018-03-29,2025-04-15,2025-04-16,2025-05-14
0,2,1.6361519986537723,sequential_centroid_match,0.06924597357343992,77,2018-03-29,2025-05-14,2025-05-15,2025-06-12
1,0,-2.190017848085589,sequential_centroid_match,0.014736680870836186,77,2018-03-29,2025-05-14,2025-05-15,2025-06-12
2,1,1.7954406771251075,sequential_centroid_match,0.03792704779832212,77,2018-03-29,2025-05-14,2025-05-15,2025-06-12
3,3,14.34113071623674,sequential_centroid_match,0.3905125504664223,77,2018-03-29,2025-05-14,2025-05-15,2025-06-12
0,1,1.7838946276611711,sequential_centroid_match,0.030289490147284517,78,2018-03-29,2025-06-12,2025-06-13,2025-07-14
1,2,1.4617251105785163,sequential_centroid_match,0.029979576334008853,78,2018-03-29,2025-06-12,2025-06-13,2025-07-14
2,0,-2.1762114186182453,sequential_centroid_match,0.02152641862173365,78,2018-03-29,2025-06-12,2025-06-13,2025-07-14
3,3,14.402365070379865,sequential_centroid_match,0.001415244475693798,78,2018-03-29,2025-06-12,2025-06-13,2025-07-14
0,2,1.8714240768422763,sequential_centroid_match,0.0658278164355357,79,2018-03-29,2025-07-14,2025-07-15,2025-08-11
1,1,1.4220588514726165,sequential_centroid_match,0.07693743749770691,79,2018-03-29,2025-07-14,2025-07-15,2025-08-11
2,0,-2.1920420905682834,sequential_centroid_match,0.04211559148225281,79,2018-03-29,2025-07-14,2025-07-15,2025-08-11
3,3,14.96907427264542,sequential_centroid_match,0.1231370328718647,79,2018-03-29,2025-07-14,2025-07-15,2025-08-11
0,0,-2.165936086469002,sequential_centroid_match,0.0477243634514738,80,2018-03-29,2025-08-11,2025-08-12,2025-09-09
1,1,2.044309761721957,sequential_centroid_match,0.1060262179013705,80,2018-03-29,2025-08-11,2025-08-12,2025-09-09
2,3,14.51518905607342,sequential_centroid_match,0.12358526506917883,80,2018-03-29,2025-08-11,2025-08-12,2025-09-09
3,2,1.3127241250389794,sequential_centroid_match,0.09404951812218218,80,2018-03-29,2025-08-11,2025-08-12,2025-09-09
0,0,-2.1657155968672677,sequential_centroid_match,0.032501845736919166,81,2018-03-29,2025-09-09,2025-09-10,2025-10-07
1,2,1.847100078861486,sequential_centroid_match,0.08108021050702494,81,2018-03-29,2025-09-09,2025-09-10,2025-10-07
2,3,15.04985265772537,sequential_centroid_match,0.12293277708715455,81,2018-03-29,2025-09-09,2025-09-10,2025-10-07
3,1,1.7540368066633225,sequential_centroid_match,0.05916739844889681,81,2018-03-29,2025-09-09,2025-09-10,2025-10-07
0,2,1.514922193335138,sequential_centroid_match,0.058664476119076735,82,2018-03-29,2025-10-07,2025-10-08,2025-11-04
1,0,-2.171109609408445,sequential_centroid_match,0.01747777349501281,82,2018-03-29,2025-10-07,2025-10-08,2025-11-04
2,1,1.8923320499442697,sequential_centroid_match,0.02646972375667922,82,2018-03-29,2025-10-07,2025-10-08,2025-11-04
3,3,14.639044770572212,sequential_centroid_match,0.12387566439146046,82,2018-03-29,2025-10-07,2025-10-08,2025-11-04
0,1,1.885545438732405,sequential_centroid_match,0.00888551497497129,83,2018-03-29,2025-11-04,2025-11-05,2025-12-03
1,2,1.3876076524322343,sequential_centroid_match,0.02410446730513059,83,2018-03-29,2025-11-04,2025-11-05,2025-12-03
2,3,14.691511058967818,sequential_centroid_match,0.0024930738226531285,83,2018-03-29,2025-11-04,2025-11-05,2025-12-03
3,0,-2.1845422885140042,sequential_centroid_match,0.007895983599458391,83,2018-03-29,2025-11-04,2025-11-05,2025-12-03
0,0,-2.183762014874066,sequential_centroid_match,0.0572201506615594,84,2018-03-29,2025-12-03,2025-12-04,2026-01-02
1,3,14.947150677459685,sequential_centroid_match,0.06777125853515707,84,2018-03-29,2025-12-03,2025-12-04,2026-01-02
2,1,1.8472232548356535,sequential_centroid_match,0.10794941294034922,84,2018-03-29,2025-12-03,2025-12-04,2026-01-02
3,2,1.8907973083283736,sequential_centroid_match,0.0846512788067031,84,2018-03-29,2025-12-03,2025-12-04,2026-01-02
0,1,1.9179797336641693,sequential_centroid_match,0.10766285944769831,85,2018-03-29,2026-01-02,2026-01-05,2026-02-02
1,2,1.0851112508825969,sequential_centroid_match,0.13046518949936547,85,2018-03-29,2026-01-02,2026-01-05,2026-02-02
2,3,12.5028223739171,sequential_centroid_match,0.4234349335061996,85,2018-03-29,2026-01-02,2026-01-05,2026-02-02
3,0,-2.1797611026130257,sequential_centroid_match,0.060158714425330134,85,2018-03-29,2026-01-02,2026-01-05,2026-02-02
0,0,-2.1926115681549896,sequential_centroid_match,0.02527004333996116,86,2018-03-29,2026-02-02,2026-02-03,2026-03-03
1,2,1.1931209623489671,sequential_centroid_match,0.03108798729594472,86,2018-03-29,2026-02-02,2026-02-03,2026-03-03
2,3,13.877770572973704,sequential_centroid_match,0.23248390633339736,86,2018-03-29,2026-02-02,2026-02-03,2026-03-03
3,1,2.248642744358551,sequential_centroid_match,0.05825668610273543,86,2018-03-29,2026-02-02,2026-02-03,2026-03-03
0,3,14.849327068480129,sequential_centroid_match,0.151013345816062,87,2018-03-29,2026-03-03,2026-03-04,2026-03-31
1,1,1.534221619300394,sequential_centroid_match,0.11524611214666733,87,2018-03-29,2026-03-03,2026-03-04,2026-03-31
2,0,-2.181776757538797,sequential_centroid_match,0.047370344848383684,87,2018-03-29,2026-03-03,2026-03-04,2026-03-31
3,2,1.7410062910722965,sequential_centroid_match,0.08583876297677347,87,2018-03-29,2026-03-03,2026-03-04,2026-03-31
0,0,-2.1617516850029084,sequential_centroid_match,0.047407648889740174,88,2018-03-29,2026-03-31,2026-04-01,2026-04-29
1,1,2.1629978041823157,sequential_centroid_match,0.11153243730930949,88,2018-03-29,2026-03-31,2026-04-01,2026-04-29
2,3,14.908839898907857,sequential_centroid_match,0.0025057500929858588,88,2018-03-29,2026-03-31,2026-04-01,2026-04-29
3,2,1.2953276093750485,sequential_centroid_match,0.07532297128591373,88,2018-03-29,2026-03-31,2026-04-01,2026-04-29
0,1,1.930157080388485,sequential_centroid_match,0.03788918979639195,89,2018-03-29,2026-04-29,2026-04-30,2026-05-28
1,2,1.3950923682422554,sequential_centroid_match,0.018653059542691114,89,2018-03-29,2026-04-29,2026-04-30,2026-05-28
2,0,-2.1685067469740935,sequential_centroid_match,0.012280019951903406,89,2018-03-29,2026-04-29,2026-04-30,2026-05-28
3,3,14.924013736182216,sequential_centroid_match,0.0017428108138907773,89,2018-03-29,2026-04-29,2026-04-30,2026-05-28
0,2,1.3286900304683282,sequential_centroid_match,0.011960275792117323,90,2018-03-29,2026-05-28,2026-05-29,2026-06-26
1,1,2.1586527773439386,sequential_centroid_match,0.034990275879469866,90,2018-03-29,2026-05-28,2026-05-29,2026-06-26
2,0,-2.1597517903316166,sequential_centroid_match,0.013716792259721831,90,2018-03-29,2026-05-28,2026-05-29,2026-06-26
3,3,14.944967383283185,sequential_centroid_match,0.002156513957515252,90,2018-03-29,2026-05-28,2026-05-29,2026-06-26
0,0,-2.1617791103268016,sequential_centroid_match,0.04573309482206581,91,2018-03-29,2026-06-26,2026-06-29,2026-07-01
1,2,1.9364280029194765,sequential_centroid_match,0.11095260598429924,91,2018-03-29,2026-06-26,2026-06-29,2026-07-01
2,3,15.927342068032315,sequential_centroid_match,0.24683245077675148,91,2018-03-29,2026-06-26,2026-06-29,2026-07-01
3,1,1.8649504190109591,sequential_centroid_match,0.07735789227019059,91,2018-03-29,2026-06-26,2026-06-29,2026-07-01
